id,name,stationtype,neighborid,stationhex,linetype,regionalismcode,countryname,regionname,type,status,realtype,direction,isimportant,tolllink_id,cityid,routeid,routename,company_id,longitude,latitude,exit_etc_lane_num,exit_mtc_lane_num,exit_mix_lane_num,exit_lane_num,entry_etc_lane_num,entry_mtc_lane_num,entry_mix_lane_num,entry_lane_num,k_value,nearcityid,opentime,nearprovinceid,old_id,old_tolllink_id
G0005610010010,禹门口,2,G0005140650050,61012865,2|1,610581,韩城市,渭南市,1,3,1,,0,G0005610010,610500,G0005,京昆高速(陕西)阎禹段,8,109.863213,34.973478,2,12,0,14,2,8,0,10,0.09,0,1164902400000,14,400305,0201
G0005610010020,龙门,3,0,61012864,2,610581,韩城市,渭南市,2,2,1,,1,G0005610010,610500,G0005,京昆高速(陕西)阎禹段,8,110.520022,35.570507,1,2,1,4,1,1,1,3,0.09,0,1130774400000,0,400304,0201
G0005610010030,韩城,3,0,61012863,2,610581,韩城市,渭南市,2,2,1,,1,G0005610010,610500,G0005,京昆高速(陕西)阎禹段,8,110.472338,35.47685,2,5,2,9,2,3,2,7,0.09,0,1130774400000,0,400303,0201
G0005610010040,芝川,3,0,61012862,2,610581,韩城市,渭南市,2,2,1,,1,G0005610010,610500,G0005,京昆高速(陕西)阎禹段,8,110.386501,35.344343,1,2,1,4,1,1,1,3,0.09,0,1130774400000,0,400302,0201
G0005610010050,合阳,3,0,61012861,2,610524,合阳县,渭南市,2,2,1,,1,G0005610010,610500,G0005,京昆高速(陕西)阎禹段,8,110.160055,35.21177,1,1,2,4,1,1,1,3,0.09,0,1130774400000,0,400301,0201
G0005610010060,澄城,3,0,61012843,2,610525,澄城县,渭南市,2,2,1,,1,G0005610010,610500,G0005,京昆高速(陕西)阎禹段,8,109.935853,35.001062,1,1,2,4,1,2,1,4,0.09,0,1130774400000,0,400203,0201
G0005610010070,孙镇,3,0,61012842,2,610526,蒲城县,渭南市,2,2,1,,1,G0005610010,610500,G0005,京昆高速(陕西)阎禹段,8,109.762651,34.937895,1,1,1,3,1,1,1,3,0.09,0,1130774400000,0,400202,0201
G0005610010080,蒲城,3,0,61012841,2|3,610526,蒲城县,渭南市,2,2,1,,1,G0005610010,610500,G0005,京昆高速(陕西)阎禹段,8,109.605474,34.907589,1,2,2,5,1,1,1,3,0.09,0,1109606400000,0,400201,0201
G0005610010090,荆姚,3,0,61012822,2|3,610526,蒲城县,渭南市,2,2,1,,1,G0005610010,610500,G0005,京昆高速(陕西)阎禹段,8,109.447493,34.85689,1,1,1,3,1,1,1,3,0.09,0,1109606400000,0,400102,0201
G0005610010100,富平,3,0,61012821,2|3,610528,富平县,渭南市,2,2,1,,1,G0005610010,610500,G0005,京昆高速(陕西)阎禹段,8,109.225851,34.728386,2,3,2,7,2,1,2,5,0.09,0,1109606400000,0,400101,0201
G0005610010110,龙门工业园,3,0,61012866,2,610581,韩城市,渭南市,2,2,1,,1,G0005610010,610500,G0005,京昆高速(陕西)阎禹段,8,110.557916,35.593331,2,3,2,7,1,0,2,3,0.09,0,1577808000000,0,400306,0201
G0005610020010,阎良,3,0,61012922,2,610114,阎良区,西安市,2,2,1,,1,G0005610020,610100,G0005,京昆高速(陕西)西阎段,8,109.188371,34.655107,3,3,2,8,2,2,1,5,0.09,0,999273600000,0,410102,0201
G0005610020020,高陵,3,0,61012921,2|1,610117,高陵区,西安市,2,2,1,,1,G0005610020,610100,G0005,京昆高速(陕西)西阎段,8,109.112798,34.524592,2,3,2,7,2,2,1,5,0.09,0,999273600000,0,410101,0201
G0005610020030,港务区,3,0,61012923,2,610115,临潼区,西安市,2,2,1,,1,G0005610020,610100,G0005,京昆高速(陕西)西阎段,8,109.118971,34.390475,2,3,2,7,1,1,2,4,0.09,0,1522598400000,0,410103,0201
G0005610030010,三星A,3,0,61012A23,2,610116,长安区,西安市,2,2,1,,1,G0005610030,610100,G0005,京昆高速(陕西)西户段,10,108.753168,34.149882,2,3,4,9,2,2,3,7,0.09,0,1383235200000,0,420103,0501
G0005610030020,鄠邑,3,0,61012A21,2,610118,鄠邑区,西安市,2,2,1,,1,G0005610030,610100,G0005,京昆高速(陕西)西户段,10,108.673208,34.105657,3,3,2,8,3,3,1,7,0.09,0,1072886400000,0,420101,0501
G0005610030030,涝峪,3,0,61012A22,2,610118,鄠邑区,西安市,2,2,1,,1,G0005610030,610100,G0005,京昆高速(陕西)西户段,10,108.547472,34.038575,2,2,2,6,1,1,1,3,0.09,0,1072886400000,0,420102,0501
G0005610030040,三星B,3,0,61012A24,2,610116,长安区,西安市,2,2,1,,1,G0005610030,610100,G0005,京昆高速(陕西)西户段,10,108.753168,34.149882,1,0,2,3,0,0,2,2,0.09,0,1383580800000,0,420104,0501
G0005610040010,纸坊,3,0,61012D83,2,610118,鄠邑区,西安市,2,2,1,,1,G0005610040,610100,G0005,京昆高速(陕西)西汉段,10,108.526999,33.95243,1,1,1,3,1,1,1,3,0.09,0,1188576000000,0,450403,0501
G0005610040020,朱雀,3,0,61012D82,2,610118,鄠邑区,西安市,2,2,1,,1,G0005610040,610100,G0005,京昆高速(陕西)西汉段,10,108.517593,33.832366,1,3,1,5,1,1,1,3,0.09,0,1188576000000,0,450402,0501
G0005610040030,秦岭标识站,3,0,61012D84,2,610118,鄠邑区,西安市,2,2,1,,1,G0005610040,610100,G0005,京昆高速(陕西)西汉段,10,0,0,0,0,0,0,0,0,0,0,0.09,0,631123200000,0,450404,0000
G0005610040040,皇冠,3,0,61012D81,2,610923,宁陕县,安康市,2,2,1,,1,G0005610040,610900,G0005,京昆高速(陕西)西汉段,10,108.404098,33.590909,1,1,1,3,1,1,1,3,0.09,0,1188576000000,0,450401,0501
G0005610040050,宁陕,3,0,61012D63,2,610923,宁陕县,安康市,2,2,1,,1,G0005610040,610900,G0005,京昆高速(陕西)西汉段,10,108.238792,33.411716,1,1,1,3,1,1,1,3,0.09,0,1188576000000,0,450303,0501
G0005610040060,大河坝,3,0,61012D62,2,610730,佛坪县,汉中市,2,2,1,,1,G0005610040,610700,G0005,京昆高速(陕西)西汉段,10,108.047153,33.305421,1,1,1,3,1,1,1,3,0.09,0,1188576000000,0,450302,0501
G0005610040070,金水,3,0,61012D61,2,610723,洋县,汉中市,2,2,1,,1,G0005610040,610700,G0005,京昆高速(陕西)西汉段,10,107.839504,33.27291,1,1,1,3,1,1,1,3,0.09,0,1188576000000,0,450301,0501
G0005610050010,龙亭,3,0,61012B21,2,610723,洋县,汉中市,2,2,1,,1,G0005610050,610700,G0005,京昆高速(陕西)汉宁段,9,107.650959,33.20567,2,0,1,3,2,0,1,3,0.09,0,1162310400000,0,430101,0701
G0005610050020,洋县,3,0,61012B22,2,610723,洋县,汉中市,2,2,1,,1,G0005610050,610700,G0005,京昆高速(陕西)汉宁段,9,107.530133,33.200033,2,0,1,3,2,0,1,3,0.09,0,1162310400000,0,430102,0701
G0005610050030,城固,3,0,61012B23,2,610722,城固县,汉中市,2,2,1,,1,G0005610050,610700,G0005,京昆高速(陕西)汉宁段,9,107.367468,33.127251,2,0,2,4,2,0,1,3,0.09,0,1162310400000,0,430103,0701
G0005610050040,上元观,3,0,61012B41,2,610722,城固县,汉中市,2,2,1,,1,G0005610050,610700,G0005,京昆高速(陕西)汉宁段,9,107.235506,33.088503,1,1,1,3,1,1,1,3,0.09,0,1162310400000,0,430201,0701
G0005610050050,汉中东,3,0,61012B42,2,610703,南郑区,汉中市,2,2,1,,1,G0005610050,610700,G0005,京昆高速(陕西)汉宁段,9,107.137083,33.049337,2,4,2,8,1,2,1,4,0.09,610700,1125504000000,0,430202,0701
G0005610050060,汉中,3,0,61012B43,2,610703,南郑区,汉中市,2,2,1,,1,G0005610050,610700,G0005,京昆高速(陕西)汉宁段,9,107.001167,33.022477,2,4,2,8,1,2,1,4,0.09,610700,1125504000000,0,430203,0701
G0005610050070,勉县,3,0,61012B44,2,610725,勉县,汉中市,2,2,1,,1,G0005610050,610700,G0005,京昆高速(陕西)汉宁段,9,106.675214,33.07228,1,4,2,7,1,4,1,6,0.09,0,1086019200000,0,430204,0701
G0005610060010,胡家坝,3,0,61012C21,2,610726,宁强县,汉中市,2,2,1,,1,G0005610060,610700,G0005,京昆高速(陕西)勉宁段,9,106.476214,32.975535,0,0,1,1,0,0,1,1,0.09,0,1086019200000,0,440101,0701
G0005610060020,韩家坝,3,0,61012C22,2,610726,宁强县,汉中市,2,2,1,,1,G0005610060,610700,G0005,京昆高速(陕西)勉宁段,9,106.360572,32.847764,0,0,1,1,0,0,1,1,0.09,0,1086019200000,0,440102,0701
G0005610060030,宁强立交,3,0,61012C23,2,610726,宁强县,汉中市,2,2,1,,1,G0005610060,610700,G0005,京昆高速(陕西)勉宁段,9,106.261242,32.822234,1,0,2,3,2,0,1,3,0.09,0,1086019200000,0,440103,0701
G0005610070010,宁强,2,G0005510010010,61012E21,2,610726,宁强县,汉中市,1,3,1,,0,G0005610070,610700,G0005,京昆高速(陕西)宁棋段,9,106.249331,32.822386,2,12,0,14,2,8,0,10,0.09,0,1217520000000,51,460101,0701
G0020610010010,陕晋界,2,G0020140420030,61015125,2|1,610829,吴堡县,榆林市,1,3,1,,0,G0020610010,610800,G0020,青银高速(陕西)吴子段,25,110.687997,37.461568,2,13,0,15,2,10,0,12,0.09,0,1204300800000,14,810105,4201
G0020610010020,吴堡,3,0,61015124,2|1,610829,吴堡县,榆林市,2,2,1,,1,G0020610010,610800,G0020,青银高速(陕西)吴子段,25,110.687656,37.45945,1,2,2,5,0,1,2,3,0.09,0,1191168000000,0,810104,4201
G0020610010030,辛家沟,3,0,61015123,2|1,610829,吴堡县,榆林市,2,2,1,,1,G0020610010,610800,G0020,青银高速(陕西)吴子段,25,110.632294,37.570571,1,1,1,3,1,1,1,3,0.09,0,1191168000000,0,810103,4201
G0020610010040,中角,3,0,61015122,2|1,610826,绥德县,榆林市,2,2,1,,1,G0020610010,610800,G0020,青银高速(陕西)吴子段,25,110.501742,37.572975,1,1,1,3,1,1,1,3,0.09,0,1191168000000,0,810102,4201
G0020610010050,绥德,3,0,61015121,2|1,610826,绥德县,榆林市,2,2,1,,1,G0020610010,610800,G0020,青银高速(陕西)吴子段,25,110.253479,37.557943,2,4,3,9,2,6,3,11,0.09,0,1191168000000,0,810101,4201
G0020610020010,子洲,3,0,61015025,2|1,610831,子洲县,榆林市,2,2,1,,1,G0020610020,610800,G0020,青银高速(陕西)子靖段,25,110.052354,37.597726,2,3,2,7,1,1,1,3,0.09,0,1191168000000,0,800105,4201
G0020610020020,巡检司,3,0,61015024,2|1,610831,子洲县,榆林市,2,2,1,,1,G0020610020,610800,G0020,青银高速(陕西)子靖段,25,109.869327,37.597923,1,1,1,3,1,1,1,3,0.09,0,1191168000000,0,800104,4201
G0020610020030,魏家楼,3,0,61015023,2|1,610803,横山区,榆林市,2,2,1,,1,G0020610020,610800,G0020,青银高速(陕西)子靖段,25,109.534428,37.550626,1,1,1,3,1,1,1,3,0.09,0,1191168000000,0,800103,4201
G0020610020040,双城,3,0,61015022,2|1,610803,横山区,榆林市,2,2,1,,1,G0020610020,610800,G0020,青银高速(陕西)子靖段,25,109.329065,37.54247,1,1,1,3,0,0,1,1,0.09,0,1191168000000,0,800102,4201
G0020610020050,杨桥畔,3,0,61015021,2|1,610824,靖边县,榆林市,2,2,1,,1,G0020610020,610800,G0020,青银高速(陕西)子靖段,25,109.002461,37.612905,1,1,1,3,1,1,1,3,0.09,0,1191168000000,0,800101,4201
G0020610030010,靖边西,3,0,61013943,3,610824,靖边县,榆林市,2,2,1,,1,G0020610030,610800,G0020,青银高速(陕西)靖王段,15,108.782251,37.62877,2,0,2,4,1,2,1,4,0.09,0,1128096000000,0,570203,2801
G0020610030020,东坑,3,0,61013942,3,610824,靖边县,榆林市,2,2,1,,1,G0020610030,610800,G0020,青银高速(陕西)靖王段,15,108.583147,37.569349,1,1,1,3,1,1,1,3,0.09,0,1128096000000,0,570202,2801
G0020610030030,梁镇,3,0,61013941,3,610824,靖边县,榆林市,2,2,1,,1,G0020610030,610800,G0020,青银高速(陕西)靖王段,15,108.385611,37.542817,1,2,1,4,1,1,1,3,0.09,0,1128096000000,0,570201,2801
G0020610030040,安边,3,0,61013924,3,610825,定边县,榆林市,2,2,1,,1,G0020610030,610800,G0020,青银高速(陕西)靖王段,15,108.066226,37.532029,1,1,1,3,1,1,1,3,0.09,0,1128096000000,0,570104,2801
G0020610030050,砖井,3,0,61013923,3,610825,定边县,榆林市,2,2,1,,1,G0020610030,610800,G0020,青银高速(陕西)靖王段,15,107.819987,37.545957,1,1,1,3,1,1,1,3,0.09,0,1128096000000,0,570103,2801
G0020610030060,定边,3,0,61013922,3,610825,定边县,榆林市,2,2,1,,1,G0020610030,610800,G0020,青银高速(陕西)靖王段,15,107.591165,37.632599,3,3,2,8,1,2,2,5,0.09,0,1128096000000,0,570102,2801
G0020610030070,王圈梁,2,G0020640010010,61013921,2,610825,定边县,榆林市,1,3,1,,0,G0020610030,610800,G0020,青银高速(陕西)靖王段,15,108.384912,37.546071,2,9,0,11,2,9,0,11,0.09,0,1128096000000,64,570101,2801
G0022610010010,陕西壶口,2,G0022140600050,61015221,2|1,610630,宜川县,延安市,1,3,1,,1,G0022610010,610600,G0022,青兰高速(陕西)宜富段,26,110.203499,36.041268,2,17,0,19,2,8,0,10,0.09,0,1288540800000,14,820101,1701
G0022610010020,秋林,3,0,61015222,2|1,610630,宜川县,延安市,2,2,1,,1,G0022610010,610600,G0022,青兰高速(陕西)宜富段,26,110.273233,36.081909,2,2,2,6,1,1,1,3,0.09,0,1288540800000,0,820102,1701
G0022610010030,宜川,3,0,61015223,2|1,610630,宜川县,延安市,2,2,1,,1,G0022610010,610600,G0022,青兰高速(陕西)宜富段,26,110.147102,36.008167,1,1,2,4,2,2,1,5,0.09,0,1288540800000,0,820103,1701
G0022610010040,瓦子街,3,0,61015224,2|1,610631,黄龙县,延安市,2,2,1,,1,G0022610010,610600,G0022,青兰高速(陕西)宜富段,26,110.035789,35.974024,1,2,2,5,1,1,1,3,0.09,0,1288540800000,0,820104,1701
G0022610010050,厢寺川,3,0,61015242,2|1,610629,洛川县,延安市,2,2,1,,1,G0022610010,610600,G0022,青兰高速(陕西)宜富段,26,109.624858,35.957729,1,0,3,4,2,1,1,4,0.09,0,1288540800000,0,820202,1701
G0022610010060,富县南,3,0,61015243,2|1,610628,富县,延安市,2,2,1,,1,G0022610010,610600,G0022,青兰高速(陕西)宜富段,26,109.374235,35.933659,4,1,2,7,4,1,1,6,0.09,0,1288540800000,0,820203,1701
G0022610010070,张村驿,3,0,61015244,2|1,610628,富县,延安市,2,2,1,,1,G0022610010,610600,G0022,青兰高速(陕西)宜富段,26,109.155859,35.887028,4,0,1,5,2,0,1,3,0.09,0,1288540800000,0,820204,1701
G0022610010080,直罗,3,0,61015261,2|1,610628,富县,延安市,2,2,1,,1,G0022610010,610600,G0022,青兰高速(陕西)宜富段,26,109.009985,35.963151,2,0,1,3,1,0,1,2,0.09,0,1288540800000,0,820301,1701
G0022610010090,张家湾,3,0,61015262,2|1,610628,富县,延安市,2,2,1,,1,G0022610010,610600,G0022,青兰高速(陕西)宜富段,26,108.795739,36.079559,2,1,3,6,2,0,1,3,0.09,0,1288540800000,0,820302,1701
G0022610010100,陕西富县,2,G0022620010010,61015263,2,610628,富县,延安市,1,3,1,,1,G0022610010,610600,G0022,青兰高速(陕西)宜富段,26,108.719358,36.097827,2,11,0,13,2,6,0,8,0.09,0,1383235200000,62,820303,1701
G0022610010110,壶口,3,0,61015225,2|1,610630,宜川县,延安市,2,2,1,,1,G0022610010,610600,G0022,青兰高速(陕西)宜富段,26,110.147102,36.008167,2,0,2,4,1,0,2,3,0.09,0,1577808000000,0,820105,1701
G0030610010010,潼关,2,G0030410050080,61010245,2|1,610522,潼关县,渭南市,1,3,1,,0,G0030610010,610500,G0030,连霍高速(陕西)临潼段,2,110.37531,34.578674,3,25,0,28,2,16,0,18,0.09,0,938707200000,41,20205,1601
G0030610010020,秦东,3,0,61010244,2|1,610522,潼关县,渭南市,2,2,1,,1,G0030610010,610500,G0030,连霍高速(陕西)临潼段,2,110.330349,34.59836,1,2,2,5,1,1,1,3,0.09,0,938707200000,0,20204,1601
G0030610010030,港口,3,0,61010243,2|1,610522,潼关县,渭南市,2,2,1,,1,G0030610010,610500,G0030,连霍高速(陕西)临潼段,2,110.283686,34.603342,1,1,1,3,1,1,1,3,0.09,0,938707200000,0,20203,1601
G0030610010040,华阴,3,0,61010242,2|1,610582,华阴市,渭南市,2,2,1,,1,G0030610010,610500,G0030,连霍高速(陕西)临潼段,2,110.097077,34.548802,2,5,2,9,1,2,1,4,0.09,0,938707200000,0,20202,1601
G0030610010050,罗敷,3,0,61010241,2|1,610582,华阴市,渭南市,2,2,1,,1,G0030610010,610500,G0030,连霍高速(陕西)临潼段,2,109.950121,34.539686,1,3,2,6,1,1,2,4,0.09,0,938707200000,0,20201,1601
G0030610010060,华州,3,0,61010226,2|1,610503,华州区,渭南市,2,2,1,,1,G0030610010,610500,G0030,连霍高速(陕西)临潼段,2,109.766035,34.498594,2,4,2,8,1,2,1,4,0.09,0,938707200000,0,20106,1601
G0030610010070,华州西,3,0,61010225,2|1,610503,华州区,渭南市,2,2,1,,1,G0030610010,610500,G0030,连霍高速(陕西)临潼段,2,109.692542,34.493181,1,3,1,5,1,1,1,3,0.09,0,1285862400000,0,20105,1601
G0030610010080,渭南东,3,0,61010224,2|1,610502,临渭区,渭南市,2,2,1,,1,G0030610010,610500,G0030,连霍高速(陕西)临潼段,2,109.536313,34.491611,2,4,2,8,2,2,2,6,0.09,610500,849369600000,0,20104,1901
G0030610010090,渭南西,3,0,61010223,2|1,610502,临渭区,渭南市,2,2,1,,1,G0030610010,610500,G0030,连霍高速(陕西)临潼段,2,109.457269,34.490614,4,7,2,13,3,3,1,7,0.09,610500,849369600000,0,20103,1901
G0030610010100,新丰,3,0,61010222,2|1,610115,临潼区,西安市,2,2,1,,1,G0030610010,610100,G0030,连霍高速(陕西)临潼段,2,109.263389,34.431121,2,4,2,8,1,2,1,4,0.09,0,852048000000,0,20102,1601
G0030610010110,兵马俑,3,0,61010221,2|1,610115,临潼区,西安市,2,2,1,,1,G0030610010,610100,G0030,连霍高速(陕西)临潼段,2,109.225585,34.4041,2,4,1,7,2,2,1,5,0.09,0,849369600000,0,20101,1601
G0030610020010,临潼,3,0,61010103,2|1,610115,临潼区,西安市,2,2,1,,1,G0030610020,610100,G0030,连霍高速(陕西)西临段,2,109.162448,34.361313,6,3,2,11,3,1,2,6,0.09,0,659980800000,0,10003,1601
G0065610070010,黄陵,3,0,61013342,2,610632,黄陵县,延安市,2,2,1,,1,G0065610070,610600,G0065,包茂高速(陕西) 铜黄段,12,109.229976,35.575654,1,1,2,4,1,1,1,3,0.09,0,988646400000,0,510202,4401
G0065610070020,彭镇,3,0,61013343,2,610222,宜君县,铜川市,2,2,1,,1,G0065610070,610200,G0065,包茂高速(陕西) 铜黄段,12,109.150285,35.496543,1,1,2,4,1,1,1,3,0.09,0,1354291200000,0,510203,4401
G0065610070030,宜君,3,0,61013341,2,610222,宜君县,铜川市,2,2,1,,1,G0065610070,610200,G0065,包茂高速(陕西) 铜黄段,12,109.114151,35.435363,1,1,1,3,1,1,1,3,0.09,0,1025452800000,0,510201,4401
G0065610070040,金锁关,3,0,61013322,2,610203,印台区,铜川市,2,2,1,,1,G0065610070,610200,G0065,包茂高速(陕西) 铜黄段,12,109.068158,35.197353,1,1,1,3,1,1,1,3,0.09,0,988646400000,0,510102,4401
G0065610070050,川口,3,0,61013321,2,610202,王益区,铜川市,2,2,1,,1,G0065610070,610200,G0065,包茂高速(陕西) 铜黄段,12,109.061365,35.054516,0,0,2,2,1,1,2,4,0.09,610200,988646400000,0,510101,4401
G0065610080010,铜川主线,3,0,61013222,3,610204,耀州区,铜川市,2,2,1,,1,G0065610080,610200,G0065,包茂高速(陕西)西铜段,11,108.969023,34.876751,3,6,4,13,4,4,3,11,0.09,0,1191168000000,0,500102,0301
G0065610080020,黄堡北,3,0,61013223,3,610202,王益区,铜川市,2,2,1,,1,G0065610080,610200,G0065,包茂高速(陕西)西铜段,11,109.010506,34.989044,0,0,2,2,0,0,2,2,0.09,610200,1157040000000,0,500103,0301
G0065610080030,耀州北,3,0,61013225,3,610204,耀州区,铜川市,2,2,1,,1,G0065610080,610200,G0065,包茂高速(陕西)西铜段,11,108.986577,34.921597,0,0,3,3,0,0,3,3,0.09,610200,1238515200000,0,500105,0301
G0065610080040,耀州南,3,0,61013224,3,610204,耀州区,铜川市,2,2,1,,1,G0065610080,610200,G0065,包茂高速(陕西)西铜段,11,108.981621,34.896886,0,0,1,1,0,0,1,1,0.09,610200,1191168000000,0,500104,0301
G0065610080050,铜川新区,3,0,610132A9,3,610204,耀州区,铜川市,2,2,1,,1,G0065610080,610200,G0065,包茂高速(陕西)西铜段,11,108.966952,34.866738,0,1,2,3,0,2,2,4,0.09,0,993571200000,0,500509,0301
G0065610080060,西安北,3,0,610132A1,3,610117,高陵区,西安市,2,2,1,,1,G0065610080,610100,G0065,包茂高速(陕西)西铜段,11,108.973758,34.494873,2,13,2,17,3,10,2,15,0.09,0,993571200000,0,500501,0301
G0065610080070,泾河开放,3,0,61013227,3,610117,高陵区,西安市,2,2,1,,1,G0065610080,610100,G0065,包茂高速(陕西)西铜段,11,108.986032,34.481751,2,13,1,16,1,2,1,4,0.09,0,993571200000,0,500107,0301
G0065610080080,梁村塬开放,3,0,61013229,3,610117,高陵区,西安市,2,2,1,,1,G0065610080,610100,G0065,包茂高速(陕西)西铜段,11,108.965898,34.438165,0,0,1,1,0,0,1,1,0.09,0,993571200000,0,500109,0301
G0065610080100,铜川主线开放,3,0,610132A2,3,610204,耀州区,铜川市,2,2,1,,1,G0065610080,610200,G0065,包茂高速(陕西)西铜段,11,108.968855,34.876262,0,0,0,0,3,3,3,9,0.09,0,993571200000,0,500502,0301
G0065610080110,黄堡开放,3,0,610132A3,3,610202,王益区,铜川市,2,3,1,,1,G0065610080,610200,G0065,包茂高速(陕西)西铜段,11,109.010344,34.989065,0,0,0,0,0,0,2,2,0.09,0,993571200000,0,500503,0301
G0065610080120,耀州北开放,3,0,610132A5,3,610204,耀州区,铜川市,2,3,1,,1,G0065610080,610200,G0065,包茂高速(陕西)西铜段,11,108.985444,34.921974,0,0,0,0,0,0,3,3,0.09,0,993571200000,0,500505,0301
G0065610080130,黄堡南,3,0,61013243,3,610202,王益区,铜川市,2,2,1,,1,G0065610080,610200,G0065,包茂高速(陕西)西铜段,11,109.010579,34.988434,0,0,1,1,0,0,1,1,0.09,0,1577808000000,0,500203,0301
G0065610080140,铜川主线单,3,0,61013242,3,610204,耀州区,铜川市,2,2,1,,1,G0065610080,610200,G0065,包茂高速(陕西)西铜段,11,108.967917,34.877582,0,0,2,2,4,4,3,11,0.09,0,1577808000000,0,500202,0301
G0065610080150,铜川新区联网,3,0,6101322A,3,610204,耀州区,铜川市,2,2,1,,1,G0065610080,610200,G0065,包茂高速(陕西)西铜段,11,108.965991,34.866769,0,0,0,0,1,1,1,3,0.09,0,1562083200000,0,500110,0000
G0065610090010,韦曲,3,0,61013C21,2|1,610116,长安区,西安市,2,2,1,,1,G0065610090,610100,G0065,包茂高速(陕西)西镇段,17,109.000986,34.15407,1,0,4,5,2,0,1,3,0.09,0,1167580800000,0,600101,0401
G0065610090020,太乙宫,3,0,61013C22,2|1,610116,长安区,西安市,2,2,1,,1,G0065610090,610100,G0065,包茂高速(陕西)西镇段,17,109.011106,34.041499,0,0,6,6,2,0,1,3,0.09,0,1167580800000,0,600102,0401
G0065610090030,营盘,3,0,61013C23,2|1,611026,柞水县,商洛市,2,2,1,,1,G0065610090,611000,G0065,包茂高速(陕西)西镇段,17,109.043277,33.779575,1,1,3,5,1,1,1,3,0.09,0,1167580800000,0,600103,0401
G0065610090040,柞水,3,0,61013C41,2|1,611026,柞水县,商洛市,2,2,1,,1,G0065610090,611000,G0065,包茂高速(陕西)西镇段,17,109.120788,33.665984,1,0,3,4,1,1,2,4,0.09,0,1167580800000,0,600201,0401
G0065610090050,镇安,3,0,61013C61,2|1,611025,镇安县,商洛市,2,2,1,,1,G0065610090,611000,G0065,包茂高速(陕西)西镇段,17,109.17206,33.432022,2,1,2,5,3,1,1,5,0.09,0,1167580800000,0,600301,0401
G0065610090060,塔云山,3,0,61013C62,2|1,611025,镇安县,商洛市,2,2,1,,1,G0065610090,611000,G0065,包茂高速(陕西)西镇段,17,109.177935,33.303581,4,0,2,6,4,0,2,6,0.09,0,1167580800000,0,600302,0401
G0065610090070,小河,3,0,61013C63,2|1,610928,旬阳县,安康市,2,2,1,,1,G0065610090,610900,G0065,包茂高速(陕西)西镇段,17,109.133896,33.148493,2,0,1,3,2,0,1,3,0.09,0,1167580800000,0,600303,0401
G0065610110010,茨沟,3,0,61013E21,2|1,610902,汉滨区,安康市,2,2,1,,1,G0065610110,610900,G0065,包茂高速(陕西)小康段,6,108.968578,32.930215,3,0,1,4,0,0,2,2,0.09,0,1241107200000,0,620101,2001
G0065610110020,谭坝,3,0,61013E22,2|1,610902,汉滨区,安康市,2,2,1,,1,G0065610110,610900,G0065,包茂高速(陕西)小康段,6,108.962691,32.879983,3,0,1,4,3,0,1,4,0.09,0,1241107200000,0,620102,2001
G0065610110030,五里,3,0,61013E23,2|1,610902,汉滨区,安康市,2,2,1,,1,G0065610110,610900,G0065,包茂高速(陕西)小康段,6,108.904037,32.71534,7,2,3,12,5,0,1,6,0.09,0,1241107200000,0,620103,2001
G0065610130010,流水,3,0,61010921,2|1,610924,紫阳县,安康市,2,2,1,,1,G0065610130,610900,G0065,包茂高速(陕西)安毛段,6,108.717752,32.606939,5,1,2,8,2,0,2,4,0.09,0,1285862400000,0,90101,2001
G0065610130030,蒿坪,3,0,61010922,2|1,610924,紫阳县,安康市,2,2,1,,1,G0065610130,610900,G0065,包茂高速(陕西)安毛段,6,108.637024,32.592283,2,1,1,4,3,0,1,4,0.09,0,1285862400000,0,90102,2001
G0065610130040,紫阳,3,0,61010923,2|1,610924,紫阳县,安康市,2,2,1,,1,G0065610130,610900,G0065,包茂高速(陕西)安毛段,6,108.508609,32.512198,6,0,2,8,2,0,2,4,0.09,0,1298908800000,0,90103,2001
G0065610130060,权河,3,0,61010941,2|1,610924,紫阳县,安康市,2,2,1,,1,G0065610130,610900,G0065,包茂高速(陕西)安毛段,6,108.406933,32.451584,4,1,3,8,0,0,4,4,0.09,0,1298908800000,0,90201,2001
G0065610130080,毛坝,3,0,61010942,2|1,610924,紫阳县,安康市,2,2,1,,1,G0065610130,610900,G0065,包茂高速(陕西)安毛段,6,108.277137,32.350738,2,0,2,4,2,0,2,4,0.09,0,1298908800000,0,90202,2001
G0065610130090,巴山,3,0,61010943,2|1,610728,镇巴县,汉中市,2,2,1,,1,G0065610130,610700,G0065,包茂高速(陕西)安毛段,6,108.151218,32.277473,0,0,4,4,0,0,4,4,0.09,0,1298908800000,0,90203,2001
G0065610130110,陕川界,2,G0065510010010,61010944,2|1,610728,镇巴县,汉中市,1,3,1,,0,G0065610130,610700,G0065,包茂高速(陕西)安毛段,6,108.153085,32.276537,2,10,0,12,2,9,0,11,0.09,0,1333209600000,51,90204,2001
G0069610010010,咸阳北,3,0,61011221,2|1,610402,秦都区,咸阳市,2,2,1,,1,G0069610010,610400,G0069,银百高速(陕西)咸旬段,34,108.672897,34.432523,5,5,3,13,3,3,2,8,0.09,610400,1417363200000,0,180101,5001
G0069610010020,桥底,3,0,61011222,2|1,610423,泾阳县,咸阳市,2,2,1,,1,G0069610010,610400,G0069,银百高速(陕西)咸旬段,34,108.697657,34.59474,3,2,1,6,2,1,1,4,0.09,0,1417363200000,0,180102,5001
G0030610020020,豁口,3,0,61010102,2|1,610111,灞桥区,西安市,2,2,1,,1,G0030610020,610100,G0030,连霍高速(陕西)西临段,2,109.113214,34.322452,2,1,2,5,2,1,1,4,0.09,0,1503244800000,0,10002,1601
G0030610020030,灞桥,3,0,61010101,2|1,610111,灞桥区,西安市,2,2,1,,0,G0030610020,610100,G0030,连霍高速(陕西)西临段,2,109.075942,34.300553,8,8,2,18,4,2,2,8,0.09,610100,659980800000,0,10001,1801
G0030610030010,阿房宫,3,0,61010381,2|1,610116,长安区,西安市,2,2,1,,1,G0030610030,610100,G0030,连霍高速(陕西)西宝段,3,108.80779,34.252705,5,11,2,18,4,2,2,8,0.09,610100,817747200000,0,30401,3201
G0030610030020,咸阳南,3,0,61010382,2|1,610402,秦都区,咸阳市,2,2,1,,1,G0030610030,610400,G0030,连霍高速(陕西)西宝段,3,108.676797,34.25163,1,2,2,5,1,1,1,3,0.09,0,1354291200000,0,30402,3201
G0030610030030,三桥,3,0,61010321,2|1,610112,未央区,西安市,2,2,1,,0,G0030610030,610100,G0030,连霍高速(陕西)西宝段,3,108.804564,34.299314,6,8,2,16,3,3,2,8,0.09,610100,817747200000,0,30101,8801
G0030610030040,咸阳,3,0,61010322,2|1,610402,秦都区,咸阳市,2,2,1,,1,G0030610030,610400,G0030,连霍高速(陕西)西宝段,3,108.711432,34.311233,7,5,2,14,6,1,2,9,0.09,610400,817747200000,0,30102,8801
G0030610030050,咸阳西,3,0,61010323,2|1,610402,秦都区,咸阳市,2,2,1,,1,G0030610030,610400,G0030,连霍高速(陕西)西宝段,3,108.655681,34.29744,3,6,2,11,3,2,2,7,0.09,610400,817747200000,0,30103,8801
G0030610030060,兴平,3,0,61010324,2|1,610481,兴平市,咸阳市,2,2,1,,1,G0030610030,610400,G0030,连霍高速(陕西)西宝段,3,108.509696,34.27682,3,5,2,10,2,1,2,5,0.09,0,817747200000,0,30104,3201
G0030610030070,武功,3,0,61010341,2|1,610431,武功县,咸阳市,2,2,1,,1,G0030610030,610400,G0030,连霍高速(陕西)西宝段,3,108.220281,34.249157,2,4,2,8,2,1,2,5,0.09,0,817747200000,0,30201,3201
G0030610030080,杨凌,3,0,61010342,2|1,610403,杨陵区,咸阳市,2,2,1,,1,G0030610030,610400,G0030,连霍高速(陕西)西宝段,3,108.109654,34.256347,3,7,2,12,2,2,2,6,0.09,611100,817747200000,0,30202,3201
G0030610030090,绛帐,3,0,61010343,2|1,610324,扶风县,宝鸡市,2,2,1,,1,G0030610030,610300,G0030,连霍高速(陕西)西宝段,3,107.949529,34.264175,1,1,2,4,1,1,1,3,0.09,0,817747200000,0,30203,3201
G0030610030100,法门寺,3,0,61010344,2|1,610324,扶风县,宝鸡市,2,2,1,,1,G0030610030,610300,G0030,连霍高速(陕西)西宝段,3,107.920231,34.319086,3,5,2,10,2,2,2,6,0.09,0,817747200000,0,30204,3201
G0030610030110,太白山,3,0,61010345,2|1,610324,扶风县,宝鸡市,2,2,1,,1,G0030610030,610300,G0030,连霍高速(陕西)西宝段,3,107.92162,34.260599,2,3,2,7,2,1,1,4,0.09,0,817747200000,0,30205,3201
G0030610030120,常兴,3,0,61010346,2|1,610326,眉县,宝鸡市,2,2,1,,1,G0030610030,610300,G0030,连霍高速(陕西)西宝段,3,107.841273,34.265343,1,3,1,5,1,1,1,3,0.09,0,817747200000,0,30206,3201
G0030610030130,杨凌西,3,0,61010347,2|1,610403,杨陵区,咸阳市,2,2,1,,1,G0030610030,610400,G0030,连霍高速(陕西)西宝段,3,108.028032,34.268125,1,3,2,6,1,1,2,4,0.09,611100,817747200000,0,30207,3201
G0030610030140,眉县,3,0,61010361,2|1,610326,眉县,宝鸡市,2,4,1,,1,G0030610030,610300,G0030,连霍高速(陕西)西宝段,3,107.714444,34.304444,2,5,0,7,2,3,0,5,0.09,0,1321113600000,0,30301,9901
G0030610030150,蔡家坡,3,0,61010362,2|1,610323,岐山县,宝鸡市,2,4,1,,1,G0030610030,610300,G0030,连霍高速(陕西)西宝段,3,107.616944,34.3075,3,7,0,10,2,3,0,5,0.09,0,1317225600000,0,30302,9901
G0030610030160,磻溪,3,0,610103A1,2,610304,陈仓区,宝鸡市,2,4,1,,1,G0030610030,610300,G0030,连霍高速(陕西)西宝段,3,107.401667,34.331389,1,7,0,8,1,3,0,4,0.09,0,1449244800000,0,30501,9901
G0030610030170,虢镇,3,0,61010363,2,610304,陈仓区,宝鸡市,2,4,1,,1,G0030610030,610300,G0030,连霍高速(陕西)西宝段,3,107.401667,34.348611,1,4,0,5,1,2,0,3,0.09,0,1384272000000,0,30303,6301
G0030610030180,宝鸡,3,0,61010364,2,610303,金台区,宝鸡市,2,4,1,,1,G0030610030,610300,G0030,连霍高速(陕西)西宝段,3,107.203611,34.358611,3,7,0,10,2,4,0,6,0.09,0,1449244800000,0,30304,6301
G0030610040010,姜城,3,0,61010521,2|1,610302,渭滨区,宝鸡市,2,2,1,,1,G0030610040,610300,G0030,连霍高速(陕西)宝牛姜城段,46,107.124579,34.356302,1,2,2,5,1,2,1,4,0.09,0,817747200000,0,50101,6301
G0030610050010,宝鸡西,3,0,61010421,2|1,610302,渭滨区,宝鸡市,2,2,1,,1,G0030610050,610300,G0030,连霍高速(陕西)宝牛段,46,107.062315,34.367018,1,3,2,6,1,2,1,4,0.09,610300,1354291200000,0,40101,6301
G0030610050020,坪头,3,0,61010422,2|1,610304,陈仓区,宝鸡市,2,2,1,,1,G0030610050,610300,G0030,连霍高速(陕西)宝牛段,46,106.885344,34.391842,1,2,1,4,1,2,1,4,0.09,0,817747200000,0,40102,9901
G0030610050030,陈仓,1,G0030620010010,61010423,2|1,610304,陈仓区,宝鸡市,1,3,1,,0,G0030610050,610300,G0030,连霍高速(陕西)宝牛段,46,106.393479,34.2224,2,10,0,12,2,9,0,11,0.09,0,817747200000,62,40103,9901
G0030610060010,眉县,3,0,61012021,2|1,610326,眉县,宝鸡市,2,2,1,,1,G0030610060,610300,G0030,连霍高速(陕西)宝鸡段,46,107.719611,34.302756,2,3,2,7,2,1,2,5,0.09,0,817747200000,0,320101,9901
G0030610060020,蔡家坡,3,0,61012022,2|1,610323,岐山县,宝鸡市,2,2,1,,1,G0030610060,610300,G0030,连霍高速(陕西)宝鸡段,46,107.621972,34.306168,2,6,2,10,2,1,2,5,0.09,0,817747200000,0,320102,9901
G0030610060030,虢镇,3,0,61012023,2|1,610304,陈仓区,宝鸡市,2,2,1,,1,G0030610060,610300,G0030,连霍高速(陕西)宝鸡段,46,107.394892,34.348929,2,1,2,5,1,1,1,3,0.09,0,817747200000,0,320103,6301
G0030610060040,宝鸡,3,0,61012024,2|1,610303,金台区,宝鸡市,2,2,1,,1,G0030610060,610300,G0030,连霍高速(陕西)宝鸡段,46,107.20349,34.358772,3,5,2,10,2,2,2,6,0.09,610300,817747200000,0,320104,6301
G0030610060050,磻溪,3,0,61012025,2|1,610304,陈仓区,宝鸡市,2,2,1,,1,G0030610060,610300,G0030,连霍高速(陕西)宝鸡段,46,107.406756,34.33023,1,5,2,8,1,1,2,4,0.09,0,1448899200000,0,320105,9901
G0030610060060,宝钛,3,0,61012026,2|1,610302,渭滨区,宝鸡市,2,2,1,,1,G0030610060,610300,G0030,连霍高速(陕西)宝鸡段,46,107.252994,34.329091,1,5,2,8,1,1,2,4,0.09,0,1547395200000,0,320106,9901
G0030610070010,宝鸡高新,3,0,61011F21,2|1,610302,渭滨区,宝鸡市,2,2,1,,1,G0030610070,610300,G0030,连霍高速(陕西)宝鸡过境线段,46,107.215115,34.323233,1,3,2,6,1,1,2,4,0.09,0,1547395200000,0,310101,9901
G0030610070020,神农,3,0,61011F22,2|1,610302,渭滨区,宝鸡市,2,2,1,,1,G0030610070,610300,G0030,连霍高速(陕西)宝鸡过境线段,46,107.111877,34.343156,1,2,2,5,1,1,1,3,0.09,0,1547395200000,0,310102,9901
G0040610010010,界牌,2,G0040410040050,61014845,2|1,611023,商南县,商洛市,1,3,1,,0,G0040610010,611000,G0040,沪陕高速(陕西)商界段,22,110.565424,33.282956,2,14,0,16,2,10,0,12,0.09,0,1222790400000,41,720205,2201
G0040610010020,商南西,3,0,61014844,2|1,611023,商南县,商洛市,2,2,1,,1,G0040610010,611000,G0040,沪陕高速(陕西)商界段,22,110.866514,33.473998,3,5,2,10,1,2,2,5,0.09,0,1222790400000,0,720204,2201
G0040610010030,过风楼,3,0,61014843,2|1,611023,商南县,商洛市,2,2,1,,1,G0040610010,611000,G0040,沪陕高速(陕西)商界段,22,110.784349,33.433978,1,2,1,4,1,2,1,4,0.09,0,1222790400000,0,720203,2201
G0040610010040,金丝峡,3,0,61014842,2|1,611023,商南县,商洛市,2,2,1,,1,G0040610010,611000,G0040,沪陕高速(陕西)商界段,22,110.574252,33.45146,1,2,1,4,1,2,1,4,0.09,0,1222790400000,0,720202,2201
G0040610010050,竹林关,3,0,61014841,2|1,611022,丹凤县,商洛市,2,2,1,,1,G0040610010,611000,G0040,沪陕高速(陕西)商界段,22,110.445269,33.471321,1,2,1,4,1,2,1,4,0.09,0,1222790400000,0,720201,2201
G0040610010060,丹凤,3,0,61014823,2|1,611022,丹凤县,商洛市,2,2,1,,1,G0040610010,611000,G0040,沪陕高速(陕西)商界段,22,110.279101,33.701961,2,4,2,8,2,3,1,6,0.09,0,1222790400000,0,720103,2201
G0040610010070,棣花,3,0,61014822,2|1,611022,丹凤县,商洛市,2,2,1,,1,G0040610010,611000,G0040,沪陕高速(陕西)商界段,22,110.195224,33.724647,1,2,1,4,1,2,1,4,0.09,0,1222790400000,0,720102,2201
G0040610010080,商洛东,3,0,61014821,2|1,611002,商州区,商洛市,2,2,1,,1,G0040610010,611000,G0040,沪陕高速(陕西)商界段,22,110.024374,33.80992,2,5,3,10,2,3,1,6,0.09,611000,1222790400000,0,720101,2201
G0040610020010,商洛,3,0,61010B64,3,611002,商州区,商洛市,2,2,1,,1,G0040610020,611000,G0040,沪陕高速(陕西)西商段,30,109.979096,33.864467,4,3,8,15,3,0,6,9,0.09,611000,1343750400000,0,110304,4101
G0040610020020,板桥,3,0,61010B63,3,611002,商州区,商洛市,2,2,1,,1,G0040610020,611000,G0040,沪陕高速(陕西)西商段,30,109.961235,33.97652,2,1,2,5,2,1,2,5,0.09,0,1343750400000,0,110303,4101
G0040610020030,华阳,3,0,61010B62,3,611021,洛南县,商洛市,2,2,1,,1,G0040610020,611000,G0040,沪陕高速(陕西)西商段,30,110.086415,34.07331,2,1,3,6,1,1,2,4,0.09,0,1343750400000,0,110302,2301
G0040610020040,腰市,3,0,61010B61,3,611002,商州区,商洛市,2,2,1,,1,G0040610020,611000,G0040,沪陕高速(陕西)西商段,30,109.929473,34.038,1,1,3,5,1,1,4,6,0.09,0,1343750400000,0,110301,4101
G0040610020050,灞源,3,0,61010B41,3,610122,蓝田县,西安市,2,2,1,,1,G0040610020,610100,G0040,沪陕高速(陕西)西商段,30,109.676559,34.146258,1,1,4,6,2,1,2,5,0.09,0,1343750400000,0,110201,4101
G0040610020060,玉山,3,0,61010B25,3,610122,蓝田县,西安市,2,2,1,,1,G0040610020,610100,G0040,沪陕高速(陕西)西商段,30,109.482852,34.196415,3,0,4,7,3,0,2,5,0.09,0,1343750400000,0,110105,4101
G0040610020070,蓝田,3,0,61010B24,3,610122,蓝田县,西安市,2,2,1,,1,G0040610020,610100,G0040,沪陕高速(陕西)西商段,30,109.361468,34.155021,3,0,6,9,2,1,2,5,0.09,0,1343750400000,0,110104,4101
G0040610020080,华胥,3,0,61010B23,3,610122,蓝田县,西安市,2,2,1,,1,G0040610020,610100,G0040,沪陕高速(陕西)西商段,30,109.239473,34.218223,1,0,3,4,0,0,5,5,0.09,0,1343750400000,0,110103,4101
G0065610010010,陕蒙界,2,G0065150030080,61013A25,3,610881,神木县,榆林市,1,3,1,,0,G0065610010,610800,G0065,包茂高速(陕西)榆蒙段,14,109.788341,39.058922,2,8,0,10,2,5,0,7,0.09,0,1157040000000,15,580105,3501
G0065610010020,红碱淖,3,0,61013A24,3,610881,神木市,榆林市,2,2,1,,1,G0065610010,610800,G0065,包茂高速(陕西)榆蒙段,14,109.792115,38.995942,3,3,2,8,2,3,2,7,0.09,0,1157040000000,0,580104,3501
G0065610010030,小壕兔,3,0,61013A23,3,610802,榆阳区,榆林市,2,2,1,,1,G0065610010,610800,G0065,包茂高速(陕西)榆蒙段,14,109.688328,38.740963,1,1,2,4,1,1,1,3,0.09,0,1157040000000,0,580103,3501
G0065610010040,孟家湾,3,0,61013A22,3,610802,榆阳区,榆林市,2,2,1,,1,G0065610010,610800,G0065,包茂高速(陕西)榆蒙段,14,109.663577,38.582752,2,1,1,4,2,1,1,4,0.09,0,1157040000000,0,580102,3501
G0065610010050,王则湾,3,0,61013A21,3,610802,榆阳区,榆林市,2,2,1,,1,G0065610010,610800,G0065,包茂高速(陕西)榆蒙段,14,109.697658,38.402329,2,3,2,7,2,1,2,5,0.09,0,1157040000000,0,580101,3501
G0065610020010,榆林北,3,0,61013826,3,610802,榆阳区,榆林市,2,2,1,,1,G0065610020,610800,G0065,包茂高速(陕西)榆靖段,14,109.700379,38.314683,4,7,4,15,2,2,3,7,0.09,610800,1067616000000,0,560106,3501
G0065610020020,西左界,3,0,61013822,3,610802,榆阳区,榆林市,2,2,1,,1,G0065610020,610800,G0065,包茂高速(陕西)榆靖段,14,109.357806,38.132117,2,1,1,4,2,1,1,4,0.09,0,1067616000000,0,560102,3501
G0065610020030,横山,3,0,61013823,3,610803,横山区,榆林市,2,2,1,,1,G0065610020,610800,G0065,包茂高速(陕西)榆靖段,14,109.239642,38.040661,1,0,2,3,2,1,1,4,0.09,0,1067616000000,0,560103,3501
G0065610020040,黄蒿界,3,0,61013824,3,610824,靖边县,榆林市,2,2,1,,1,G0065610020,610800,G0065,包茂高速(陕西)榆靖段,14,109.059726,37.855123,2,1,1,4,2,1,1,4,0.09,0,1067616000000,0,560104,3501
G0065610020050,榆林西,3,0,61013827,3,610802,榆阳区,榆林市,2,2,1,,1,G0065610020,610800,G0065,包茂高速(陕西)榆靖段,14,109.531244,38.208391,4,4,3,11,2,2,2,6,0.09,610800,1545840000000,0,560107,3501
G0065610030010,靖边东,3,0,61013725,2,610824,靖边县,榆林市,2,2,1,,1,G0065610030,610800,G0065,包茂高速(陕西)靖安(靖边)段,13,108.849108,37.608009,2,0,2,4,2,0,1,3,0.09,0,1157040000000,0,550105,1301
G0065610030020,靖边南,3,0,61013724,2,610824,靖边县,榆林市,2,2,1,,1,G0065610030,610800,G0065,包茂高速(陕西)靖安(靖边)段,13,108.860567,37.544561,2,0,2,4,2,0,1,3,0.09,0,1157040000000,0,550104,1301
G0065610030030,乔沟湾,3,0,61013723,2,610824,靖边县,榆林市,2,2,1,,1,G0065610030,610800,G0065,包茂高速(陕西)靖安(靖边)段,13,108.91766,37.42781,2,0,3,5,2,0,1,3,0.09,0,1157040000000,0,550103,1301
G0065610030040,李家湾,3,0,61013722,2,610824,靖边县,榆林市,2,2,1,,1,G0065610030,610800,G0065,包茂高速(陕西)靖安(靖边)段,13,108.943697,37.356023,2,0,1,3,2,0,1,3,0.09,0,1157040000000,0,550102,1301
G0065610030050,天赐湾,3,0,61013721,2,610824,靖边县,榆林市,2,2,1,,1,G0065610030,610800,G0065,包茂高速(陕西)靖安(靖边)段,13,108.936819,37.324212,2,0,1,3,2,0,1,3,0.09,0,1157040000000,0,550101,1301
G0065610040010,镰刀湾,3,0,61013623,2,610603,安塞区,延安市,2,2,1,,1,G0065610040,610600,G0065,包茂高速(陕西)靖安(安塞)段,13,108.986297,37.202309,2,0,2,4,2,0,1,3,0.09,0,1157040000000,0,540103,1301
G0065610040020,化子坪,3,0,61013622,2,610603,安塞区,延安市,2,2,1,,1,G0065610040,610600,G0065,包茂高速(陕西)靖安(安塞)段,13,109.104713,37.072034,2,0,2,4,2,0,1,3,0.09,0,1157040000000,0,540102,1301
G0065610040030,建华寺,3,0,61013621,2,610603,安塞区,延安市,2,2,1,,1,G0065610040,610600,G0065,包茂高速(陕西)靖安(安塞)段,13,109.293234,36.954297,2,0,2,4,1,0,2,3,0.09,0,1157040000000,0,540101,1301
G0065610050010,安塞北,3,0,61013524,2,610603,安塞区,延安市,2,2,1,,1,G0065610050,610600,G0065,包茂高速(陕西)延塞段,13,109.318416,36.887157,2,0,1,3,1,0,2,3,0.09,0,1067616000000,0,530104,1301
G0065610050020,安塞南,3,0,61013523,2,610603,安塞区,延安市,2,2,1,,1,G0065610050,610600,G0065,包茂高速(陕西)延塞段,13,109.331075,36.855891,2,0,1,3,2,0,1,3,0.09,0,1067616000000,0,530103,1301
G0065610050040,沿河湾,3,0,61013522,2,610603,安塞区,延安市,2,2,1,,1,G0065610050,610600,G0065,包茂高速(陕西)延塞段,13,109.357888,36.765396,2,0,4,6,2,0,2,4,0.09,0,1067616000000,0,530102,1301
G0065610050050,延安北,3,0,61013521,2,610602,宝塔区,延安市,2,2,1,,1,G0065610050,610600,G0065,包茂高速(陕西)延塞段,13,109.444593,36.646741,6,2,2,10,4,4,2,10,0.09,610600,1067616000000,0,530101,2701
G0065610060010,延安南,3,0,61013421,2,610602,宝塔区,延安市,2,2,1,,1,G0065610060,610600,G0065,包茂高速(陕西) 黄延段,12,109.459599,36.498665,2,3,2,7,2,2,1,5,0.09,610600,1104508800000,0,520101,4401
G0065610060020,南泥湾,3,0,61013423,2,610602,宝塔区,延安市,2,2,1,,1,G0065610060,610600,G0065,包茂高速(陕西) 黄延段,12,109.550288,36.361863,0,1,2,3,1,1,1,3,0.09,0,1277913600000,0,520103,4401
G0065610060030,甘泉,3,0,61013422,2,610627,甘泉县,延安市,2,2,1,,1,G0065610060,610600,G0065,包茂高速(陕西) 黄延段,12,109.510299,36.270933,1,1,1,3,1,1,1,3,0.09,0,1157040000000,0,520102,4401
G0065610060040,富县,3,0,61013441,2,610628,富县,延安市,2,2,1,,1,G0065610060,610600,G0065,包茂高速(陕西) 黄延段,12,109.452879,36.023616,1,1,2,4,1,1,1,3,0.09,0,1157040000000,0,520201,4401
G0065610060050,洛川,3,0,61013442,2,610629,洛川县,延安市,2,2,1,,1,G0065610060,610600,G0065,包茂高速(陕西) 黄延段,12,109.41061,35.771129,1,1,2,4,1,1,1,3,0.09,0,1157040000000,0,520202,4401
G0065610060060,阿党,3,0,61013443,2,610632,黄陵县,延安市,2,2,1,,1,G0065610060,610600,G0065,包茂高速(陕西) 黄延段,12,109.274952,35.690236,1,1,2,4,1,1,1,3,0.09,0,1157040000000,0,520203,4401
S0027610010040,镇巴,3,0,61012724,3,610728,镇巴县,汉中市,2,2,1,,1,S0027610010,610700,S0027,洋镇线(陕西)西镇段,50,107.875334,32.558291,2,0,2,4,2,0,2,4,0.09,0,1606492800000,0,390104,7001
S0028610010010,太白,3,0,61012521,3,610331,太白县,宝鸡市,2,2,1,,1,S0028610010,610300,S0028,太凤线(路段),49,107.269746,34.040168,3,0,2,5,2,0,2,4,0.09,0,1603814400000,0,370101,6701
S0028610010020,平木,3,0,61012522,3,610330,凤县,宝鸡市,2,2,1,,1,S0028610010,610300,S0028,太凤线(路段),49,107.06301,33.994642,2,0,2,4,1,0,2,3,0.09,0,1603814400000,0,370102,6701
S0028610010030,河口,3,0,61012523,3,610330,凤县,宝鸡市,2,2,1,,1,S0028610010,610300,S0028,太凤线(路段),49,106.779779,33.944983,0,0,2,2,2,0,2,4,0.09,0,1603814400000,0,370103,6701
S0028610010040,凤县,3,0,61012524,3,610330,凤县,宝鸡市,2,2,1,,1,S0028610010,610300,S0028,太凤线(路段),49,106.55831,33.929669,2,0,2,4,2,0,2,4,0.09,0,1603814400000,0,370104,6701
S0030610010010,山阳,3,0,61011E43,2|1,611024,山阳县,商洛市,2,2,1,,1,S0030610010,611000,S0030,柞山高速(路段),45,109.860711,33.531753,2,2,2,6,2,3,1,6,0.09,0,1545148800000,0,300203,6201
S0030610010020,色河铺,3,0,61011E42,2|1,611024,山阳县,商洛市,2,2,1,,1,S0030610010,611000,S0030,柞山高速(路段),45,109.758195,33.503808,3,0,1,4,2,1,1,4,0.09,0,1545148800000,0,300202,6201
S0030610010030,户家塬,3,0,61011E41,2|1,611024,山阳县,商洛市,2,2,1,,1,S0030610010,611000,S0030,柞山高速(路段),45,109.595262,33.447814,3,0,1,4,2,1,1,4,0.09,0,1545148800000,0,300201,6201
S0030610010040,凤凰东,3,0,61011E22,2|1,611026,柞水县,商洛市,2,2,1,,1,S0030610010,611000,S0030,柞山高速(路段),45,109.423331,33.506979,3,0,1,4,2,1,1,4,0.09,0,1545148800000,0,300102,6201
S0030610010050,凤凰西,3,0,61011E21,2|1,611026,柞水县,商洛市,2,2,1,,1,S0030610010,611000,S0030,柞山高速(路段),45,109.314064,33.565059,2,0,2,4,1,1,2,4,0.09,0,1545148800000,0,300101,6201
S0032610010010,榆林东,3,0,61010F21,1|2,610802,榆阳区,榆林市,2,2,1,,1,S0032610010,610800,S0032,榆佳高速(路段),32,109.810907,38.30143,2,6,3,11,2,2,2,6,0.09,0,1380556800000,0,150101,4301
S0032610010020,麻黄梁,3,0,61010F22,1|2,610802,榆阳区,榆林市,2,2,1,,1,S0032610010,610800,S0032,榆佳高速(路段),32,109.938667,38.362664,2,0,2,4,1,0,2,3,0.09,0,1380556800000,0,150102,4301
S0032610010030,王家砭,3,0,61010F23,1|2,610802,榆阳区,榆林市,2,2,1,,1,S0032610010,610800,S0032,榆佳高速(路段),32,110.240243,38.252489,1,0,2,3,1,0,2,3,0.09,0,1380556800000,0,150103,4301
S0032610010040,通镇,3,0,61010F24,1|2,610802,榆阳区,榆林市,2,2,1,,1,S0032610010,610800,S0032,榆佳高速(路段),32,110.353897,38.165784,1,0,2,3,1,0,2,3,0.09,0,1398873600000,0,150104,4301
S0032610010050,佳县,3,0,61010F25,1|2,610828,佳县,榆林市,2,2,1,,1,S0032610010,610800,S0032,榆佳高速(路段),32,110.472938,38.048041,2,1,2,5,1,0,2,3,0.09,0,1380556800000,0,150105,4301
S0032610010060,陕西佳县,2,S0050140310050,61010F26,1|2,610828,佳县,榆林市,1,3,1,,1,S0032610010,610800,S0032,榆佳高速(路段),32,110.470051,38.042281,1,10,0,11,1,4,0,5,0.09,0,1398873600000,14,150106,4301
S0032610010070,黑疙瘩,3,0,61010F27,2,610703,南郑区,汉中市,2,4,1,,1,S0032610010,610700,S0032,榆佳高速(路段),32,0,0,0,0,0,0,0,0,0,0,0.09,0,1382976000000,0,150107,4301
S1015610010010,永坪,3,0,61011362,2|1,610622,延川县,延安市,2,2,1,,1,S1015610010,610600,S1015,子姚高速(路段),36,109.795112,37.030019,2,0,2,4,2,0,2,4,0.09,0,1600704000000,0,190302,5101
S1015610010020,蟠龙,3,0,61011361,2|1,610602,宝塔区,延安市,2,2,1,,1,S1015610010,610600,S1015,子姚高速(路段),36,109.683573,36.860242,1,0,2,3,1,0,2,3,0.09,0,1600704000000,0,190301,5101
G3001610010140,田王,3,0,6101152A,2|1,610111,灞桥区,西安市,2,2,1,,1,G3001610010,610100,G3001,绕城高速(路段),7,109.081905,34.304451,4,0,2,6,4,0,2,6,0.09,0,1630371600000,0,210205,0101
G0069610010030,兴隆,3,0,61011223,2|1,610423,泾阳县,咸阳市,2,2,1,,1,G0069610010,610400,G0069,银百高速(陕西)咸旬段,34,108.694458,34.68553,2,1,1,4,2,1,1,4,0.09,0,1417363200000,0,180103,5001
G0069610010040,淳化南,3,0,61011245,2|1,610430,淳化县,咸阳市,2,2,1,,1,G0069610010,610400,G0069,银百高速(陕西)咸旬段,34,108.621533,34.77054,3,3,2,8,2,2,1,5,0.09,0,1417363200000,0,180205,5001
G0069610010050,淳化北,3,0,61011241,2|1,610430,淳化县,咸阳市,2,2,1,,1,G0069610010,610400,G0069,银百高速(陕西)咸旬段,34,108.52247,34.87514,2,1,1,4,1,0,2,3,0.09,0,1417363200000,0,180201,5001
G0069610010060,十里塬,3,0,61011242,2|1,610430,淳化县,咸阳市,2,2,1,,1,G0069610010,610400,G0069,银百高速(陕西)咸旬段,34,108.486096,34.899662,2,1,1,4,2,1,1,4,0.09,0,1417363200000,0,180202,5001
G0069610010070,土桥,3,0,61011243,2|1,610429,旬邑县,咸阳市,2,2,1,,1,G0069610010,610400,G0069,银百高速(陕西)咸旬段,34,108.435858,34.980589,2,2,2,6,1,0,2,3,0.09,0,1417363200000,0,180203,5001
G0069610010080,旬邑,3,0,61011244,2|1,610429,旬邑县,咸阳市,2,2,1,,1,G0069610010,610400,G0069,银百高速(陕西)咸旬段,34,108.27748,35.094998,3,3,2,8,2,2,1,5,0.09,0,1417363200000,0,180204,4701
G0069610010090,旬邑北,3,0,61011246,2|1,610429,旬邑县,咸阳市,2,2,1,,1,G0069610010,610400,G0069,银百高速(陕西)咸旬段,34,108.018011,35.014051,1,0,2,3,1,0,2,3,0.09,0,1603296000000,0,180206,5001
G0069610020010,安康南,3,0,61012F21,3,610902,汉滨区,安康市,2,2,1,,1,G0069610020,610900,G0069,银百高速(陕西)安岚段,52,108.988891,32.648518,1,0,2,3,1,0,2,3,0.09,0,1608825600000,0,470101,7101
G0069610020020,双龙,3,0,61012F22,3,610902,汉滨区,安康市,2,2,1,,1,G0069610020,610900,G0069,银百高速(陕西)安岚段,52,108.912491,32.491533,1,0,2,3,1,0,2,3,0.09,0,1608825600000,0,470102,7101
G0069610020030,岚皋,3,0,61012F23,3,610925,岚皋县,安康市,2,2,1,,1,G0069610020,610900,G0069,银百高速(陕西)安岚段,52,108.882684,32.330463,2,0,2,4,2,0,2,4,0.09,0,1608825600000,0,470103,7101
G0070610010010,漫川关主线,2,G0070420060060,61014143,2|1,611024,山阳县,商洛市,1,3,1,,0,G0070610010,611000,G0070,福银高速(陕西)商漫段,19,110.068235,33.242322,2,13,0,15,0,9,0,9,0.09,0,1254326400000,42,650203,1501
G0070610010020,漫川关匝道,3,0,61014142,2|1,611024,山阳县,商洛市,2,2,1,,1,G0070610010,611000,G0070,福银高速(陕西)商漫段,19,110.073031,33.244876,1,1,1,3,1,1,1,3,0.09,0,1254326400000,0,650202,1501
G0070610010030,天竺山,3,0,61014141,2|1,611024,山阳县,商洛市,2,2,1,,1,G0070610010,611000,G0070,福银高速(陕西)商漫段,19,110.080136,33.385415,1,1,1,3,1,1,1,3,0.09,0,1254326400000,0,650201,1501
G0070610010040,高坝,3,0,61014123,2|1,611024,山阳县,商洛市,2,2,1,,1,G0070610010,611000,G0070,福银高速(陕西)商漫段,19,110.049915,33.490311,1,1,1,3,1,1,1,3,0.09,0,1254326400000,0,650103,1501
G0070610010050,山阳(老),3,0,61014122,2,611024,山阳县,商洛市,2,3,1,,1,G0070610010,611000,G0070,福银高速(陕西)商漫段,19,109.878503,33.544643,1,3,0,4,1,2,0,3,0.09,0,1255622400000,0,650102,1501
G0070610010060,阎村,3,0,61014121,2|1,611002,商州区,商洛市,2,2,1,,1,G0070610010,611000,G0070,福银高速(陕西)商漫段,19,109.823772,33.718879,1,1,1,3,1,1,1,3,0.09,0,1254326400000,0,650101,1501
G0070610020010,商洛西,3,0,61014743,2|1,611002,商州区,商洛市,2,2,1,,1,G0070610020,611000,G0070,福银高速(陕西)蓝商段,21,109.876028,33.527489,2,3,2,7,2,1,1,4,0.09,611000,1222790400000,0,710203,2901
G0070610020020,南城子,3,0,61014742,2|1,611002,商州区,商洛市,2,2,1,,1,G0070610020,611000,G0070,福银高速(陕西)蓝商段,21,109.819284,33.844364,1,1,1,3,1,1,1,3,0.09,0,1222790400000,0,710202,2901
G0070610020030,杨斜,3,0,61014741,2|1,611002,商州区,商洛市,2,2,1,,1,G0070610020,611000,G0070,福银高速(陕西)蓝商段,21,109.667208,33.856628,1,1,1,3,1,1,1,3,0.09,0,1222790400000,0,710201,2501
G0070610020040,葛牌,3,0,61014723,2|1,610122,蓝田县,西安市,2,2,1,,1,G0070610020,610100,G0070,福银高速(陕西)蓝商段,21,109.510181,33.932219,1,1,1,3,1,1,1,3,0.09,0,1222790400000,0,710103,2501
G0070610020050,辋川,3,0,61014722,3,610122,蓝田县,西安市,2,2,1,,1,G0070610020,610100,G0070,福银高速(陕西)蓝商段,21,109.343075,34.072741,1,1,1,3,1,1,1,3,0.09,0,1222790400000,0,710102,2501
G0070610020060,蓝关,3,0,61014721,2|1,610122,蓝田县,西安市,2,2,1,,1,G0070610020,610100,G0070,福银高速(陕西)蓝商段,21,109.332927,34.124317,1,1,1,3,1,1,1,3,0.09,0,1222790400000,0,710101,2501
G0070610030010,白鹿塬,3,0,61014622,3,610122,蓝田县,西安市,2,2,1,,1,G0070610030,610100,G0070,福银高速(陕西)西蓝段,20,109.292645,34.174362,2,2,2,6,1,3,1,5,0.09,0,1199116800000,0,700102,4601
G0070610030020,空工,3,0,61014621,3,610111,灞桥区,西安市,2,2,1,,1,G0070610030,610100,G0070,福银高速(陕西)西蓝段,20,109.142965,34.238641,1,1,1,3,1,1,1,3,0.09,0,915120000000,0,700101,4601
G0070610040010,六村堡,3,0,61014A21,2|1,610112,未央区,西安市,2,2,1,,1,G0070610040,610100,G0070,福银高速(陕西)机场段,24,108.845381,34.336245,4,14,9,27,7,6,5,18,0.09,610100,1062345600000,0,740101,0601
G0070610040020,咸阳东,3,0,61014A22,2|1,610404,渭城区,咸阳市,2,2,1,,1,G0070610040,610400,G0070,福银高速(陕西)机场段,24,108.801931,34.373274,5,5,3,13,2,3,3,8,0.09,610400,1062345600000,0,740102,0601
G0070610040030,机场西,3,0,61014A23,2|1,610404,渭城区,咸阳市,2,2,1,,1,G0070610040,610400,G0070,福银高速(陕西)机场段,24,108.736266,34.419324,6,5,7,18,3,4,4,11,0.09,0,1062345600000,0,740103,0601
G0070610050010,西张堡,3,0,61014B22,2|1,610425,礼泉县,咸阳市,2,2,1,,1,G0070610050,610400,G0070,福银高速(陕西)咸永段,24,108.530468,34.492156,7,1,3,11,5,0,2,7,0.09,0,1196438400000,0,750102,0601
G0070610050020,礼泉,3,0,61014B23,2|1,610425,礼泉县,咸阳市,2,2,1,,1,G0070610050,610400,G0070,福银高速(陕西)咸永段,24,108.42871,34.510227,5,3,3,11,5,1,2,8,0.09,0,1196438400000,0,750103,0601
G0070610050030,乾州,3,0,61014B24,2|1,610424,乾县,咸阳市,2,2,1,,1,G0070610050,610400,G0070,福银高速(陕西)咸永段,24,108.302997,34.5424,1,5,3,9,2,1,1,4,0.09,0,1196438400000,0,750104,0601
G0070610050040,乾陵,3,0,61014B25,2|1,610424,乾县,咸阳市,2,2,1,,1,G0070610050,610400,G0070,福银高速(陕西)咸永段,24,108.256919,34.589131,1,1,2,4,2,1,1,4,0.09,0,1196438400000,0,750105,0601
G0070610060010,永寿,3,0,61014C21,2|1,610426,永寿县,咸阳市,2,2,1,,1,G0070610060,610400,G0070,福银高速(陕西)凤永段,24,108.166814,34.680505,1,4,2,7,2,1,1,4,0.09,0,1220198400000,0,760101,0601
G0070610060020,渡马,3,0,61014C22,2|1,610426,永寿县,咸阳市,2,2,1,,1,G0070610060,610400,G0070,福银高速(陕西)凤永段,24,108.160099,34.753497,2,1,1,4,1,2,1,4,0.09,0,1220198400000,0,760102,0601
G0070610060030,太峪,3,0,61014C23,2|1,610482,彬州市,咸阳市,2,2,1,,1,G0070610060,610400,G0070,福银高速(陕西)凤永段,24,108.070506,34.938555,2,1,1,4,2,1,1,4,0.09,0,1220198400000,0,760103,0601
G0070610060040,彬州,3,0,61014C41,2|1,610482,彬州市,咸阳市,2,2,1,,1,G0070610060,610400,G0070,福银高速(陕西)凤永段,24,108.125535,35.02201,3,3,3,9,2,3,3,8,0.09,0,1220198400000,0,760201,0601
G0070610060050,亭口,3,0,61014C42,2|1,610482,彬州市,咸阳市,2,2,1,,1,G0070610060,610400,G0070,福银高速(陕西)凤永段,24,107.95426,35.106216,1,1,2,4,1,1,2,4,0.09,0,1220198400000,0,760202,0601
G0070610060060,长武,3,0,61014C43,2|1,610428,长武县,咸阳市,2,2,1,,1,G0070610060,610400,G0070,福银高速(陕西)凤永段,24,107.774173,35.226516,1,1,2,4,1,1,2,4,0.09,0,1220198400000,0,760203,0601
G0070610060070,陕甘界,2,G0070620010010,61014C44,2|1,610428,长武县,咸阳市,1,3,1,,0,G0070610060,610400,G0070,福银高速(陕西)凤永段,24,107.746096,35.234859,2,13,0,15,2,5,0,7,0.09,0,1220198400000,62,760204,0601
G0085610010010,陇关,3,0,61010621,3,610327,陇县,宝鸡市,2,3,1,,0,G0085610010,610300,G0085,银昆高速(陕西)宝汉段,27,106.784019,35.033371,3,16,0,19,3,8,0,11,0.09,0,1285862400000,0,60101,3801
G0085610010020,火烧寨,3,0,61010622,3,610327,陇县,宝鸡市,2,2,1,,1,G0085610010,610300,G0085,银昆高速(陕西)宝汉段,27,106.787902,35.019063,1,1,2,4,1,2,1,4,0.09,0,1285862400000,0,60102,3801
G0085610010030,陇县,3,0,61010623,3,610327,陇县,宝鸡市,2,2,1,,1,G0085610010,610300,G0085,银昆高速(陕西)宝汉段,27,106.899755,34.872893,2,5,2,9,2,3,1,6,0.09,0,1285862400000,0,60103,3801
G0085610010040,水沟,3,0,61010641,3,610328,千阳县,宝鸡市,2,2,1,,1,G0085610010,610300,G0085,银昆高速(陕西)宝汉段,27,107.020672,34.752919,1,1,2,4,1,1,1,3,0.09,0,1320076800000,0,60201,3801
G0085610010050,千阳,3,0,61010642,3,610328,千阳县,宝鸡市,2,2,1,,1,G0085610010,610300,G0085,银昆高速(陕西)宝汉段,27,107.09828,34.652964,1,6,2,9,1,2,1,4,0.09,0,1320076800000,0,60202,3801
G0085610010060,南寨,3,0,61010643,3,610322,凤翔县,宝鸡市,2,2,1,,1,G0085610010,610300,G0085,银昆高速(陕西)宝汉段,27,107.171949,34.649922,1,1,2,4,1,1,1,3,0.09,0,1320076800000,0,60203,3801
G0085610010070,凤翔,3,0,61010644,3,610322,凤翔县,宝鸡市,2,2,1,,1,G0085610010,610300,G0085,银昆高速(陕西)宝汉段,27,107.302958,34.485211,1,10,2,13,1,3,1,5,0.09,0,1320076800000,0,60204,3801
G0085610020010,汉中西,3,0,61011821,2|1,610725,勉县,汉中市,2,2,1,,1,G0085610020,610700,G0085,银昆高速(陕西)汉川段,44,106.899874,33.1529,2,3,2,7,2,2,1,5,0.09,0,1441036800000,0,240101,5201
G0085610020020,南郑,3,0,61011822,2|1,610703,南郑区,汉中市,2,2,1,,1,G0085610020,610700,G0085,银昆高速(陕西)汉川段,44,106.925858,32.970501,1,1,2,4,1,2,1,4,0.09,0,1441036800000,0,240102,5201
G0085610020030,南湖,3,0,61011823,2|1,610703,南郑区,汉中市,2,2,1,,1,G0085610020,610700,G0085,银昆高速(陕西)汉川段,44,106.83013,32.915208,1,0,2,3,1,1,1,3,0.09,0,1441036800000,0,240103,5201
G0085610020040,喜神坝,3,0,61011824,2|1,610703,南郑区,汉中市,2,2,1,,1,G0085610020,610700,G0085,银昆高速(陕西)汉川段,44,106.943443,32.768191,1,0,2,3,1,1,1,3,0.09,0,1441036800000,0,240104,5201
G0085610020050,陕西南郑,2,S0002517570070,61011825,2|1,610703,南郑区,汉中市,1,3,2,,0,G0085610020,610700,G0085,银昆高速(陕西)汉川段,44,106.555,32.4832,2,9,0,11,2,5,0,7,0.09,0,1512662400000,51,240105,5201
G0085610020060,龙头山,3,0,61011826,2|1,610703,南郑区,汉中市,2,2,1,,1,G0085610020,610700,G0085,银昆高速(陕西)汉川段,44,106.926539,32.738783,2,0,1,3,2,0,1,3,0.09,0,1619107200000,0,240106,5201
G0085610030010,坪坎,3,0,61011D21,2|1,610330,凤县,宝鸡市,2,2,1,,1,G0085610030,610300,G0085,银昆高速(陕西)汉坪段,44,106.999121,33.851632,1,0,2,3,1,1,1,3,0.09,0,1514390400000,0,290101,5901
G0085610030020,江西营,3,0,61011D22,2|1,610729,留坝县,汉中市,2,2,1,,1,G0085610030,610700,G0085,银昆高速(陕西)汉坪段,44,106.992873,33.732815,1,1,2,4,1,1,1,3,0.09,0,1514390400000,0,290102,5901
G0085610030030,留坝,3,0,61011D23,2|1,610729,留坝县,汉中市,2,2,1,,1,G0085610030,610700,G0085,银昆高速(陕西)汉坪段,44,106.972337,33.551307,1,2,2,5,1,1,1,3,0.09,0,1514390400000,0,290103,5901
G0085610030040,马道,3,0,61011D24,2|1,610729,留坝县,汉中市,2,2,1,,1,G0085610030,610700,G0085,银昆高速(陕西)汉坪段,44,106.970845,33.383387,1,0,2,3,1,1,1,3,0.09,0,1514390400000,0,290104,5901
G0085610040010,宝鸡南,3,0,61012321,1|1,610302,渭滨区,宝鸡市,2,4,1,,1,G0085610040,610300,G0085,银昆高速(陕西)宝坪段,47,107.126989,34.29608,2,0,2,4,2,0,2,4,0.09,0,1593532800000,0,350101,6801
G0085610040020,岩湾,3,0,61012322,2|1,610330,凤县,宝鸡市,2,2,1,,1,G0085610040,610300,G0085,银昆高速(陕西)宝坪段,47,106.968681,34.039776,1,0,2,3,1,0,2,3,0.09,0,1603814400000,0,350102,6801
G030N610010010,零口,3,0,61011445,2|1,610115,临潼区,西安市,2,2,1,,1,G030N610010,610100,G030N,西咸北环线(路段),39,109.355643,34.498546,2,2,3,7,2,1,2,5,0.09,0,0,0,200205,5701
G030N610010020,新市,3,0,61011444,2|1,610115,临潼区,西安市,2,2,1,,1,G030N610010,610100,G030N,西咸北环线(路段),39,109.214612,34.532763,5,1,2,8,3,1,1,5,0.09,0,1448899200000,0,200204,5701
G030N610010030,高陵西,3,0,61011443,2|1,610117,高陵区,西安市,2,2,1,,1,G030N610010,610100,G030N,西咸北环线(路段),39,109.045714,34.557675,3,1,2,6,3,1,1,5,0.09,0,1448899200000,0,200203,5701
G030N610010040,永乐东,3,0,61011442,2|1,610117,高陵区,西安市,2,2,1,,1,G030N610010,610100,G030N,西咸北环线(路段),39,108.961529,34.554616,4,1,2,7,2,1,2,5,0.09,0,1448899200000,0,200202,5701
G030N610010050,泾阳北,3,0,61011441,2|1,610423,泾阳县,咸阳市,2,2,1,,1,G030N610010,610400,G030N,西咸北环线(路段),39,108.841633,34.549965,4,1,2,7,2,1,2,5,0.09,0,1448899200000,0,200201,5701
G030N610010060,太平,3,0,61011424,2|1,610423,泾阳县,咸阳市,2,2,1,,1,G030N610010,610400,G030N,西咸北环线(路段),39,108.729559,34.503826,4,1,2,7,2,1,2,5,0.09,0,1448899200000,0,200104,5701
G030N610010070,店张,3,0,61011423,2|1,610481,兴平市,咸阳市,2,2,1,,1,G030N610010,610400,G030N,西咸北环线(路段),39,108.5704,34.424087,3,1,2,6,3,1,1,5,0.09,0,1538100000000,0,200103,5701
G030N610010080,茂陵,3,0,61011422,2|1,610481,兴平市,咸阳市,2,2,1,,1,G030N610010,610400,G030N,西咸北环线(路段),39,108.535207,34.356096,3,1,2,6,3,1,1,5,0.09,0,1448899200000,0,200102,5701
G030N610010090,大王,3,0,61011421,2|1,610118,鄠邑区,西安市,2,2,1,,1,G030N610010,610100,G030N,西咸北环线(路段),39,108.662907,34.209121,3,2,2,7,2,1,2,5,0.09,0,1448899200000,0,200101,5701
G065E610010010,牛家梁,3,0,61010E21,2|1,610802,榆阳区,榆林市,2,2,1,,1,G065E610010,610800,G065E,榆蓝高速(陕西)榆绥段,31,109.721861,38.395991,1,1,3,5,1,1,2,4,0.09,0,1346428800000,0,140101,3701
G065E610010020,古城滩,3,0,61010E22,2|1,610802,榆阳区,榆林市,2,2,1,,1,G065E610010,610800,G065E,榆蓝高速(陕西)榆绥段,31,109.756358,38.355005,1,1,3,5,1,1,2,4,0.09,0,1346428800000,0,140102,3701
G065E610010030,榆林南,3,0,61010E23,2|1,610802,榆阳区,榆林市,2,2,1,,1,G065E610010,610800,G065E,榆蓝高速(陕西)榆绥段,31,109.781054,38.157663,2,3,4,9,2,1,3,6,0.09,610800,1346428800000,0,140103,3701
G065E610010040,鱼河,3,0,61010E24,2|1,610802,榆阳区,榆林市,2,2,1,,1,G065E610010,610800,G065E,榆蓝高速(陕西)榆绥段,31,109.875839,37.974471,1,1,3,5,1,1,1,3,0.09,0,1346428800000,0,140104,3701
G065E610010050,镇川,3,0,61010E41,2|1,610802,榆阳区,榆林市,2,2,1,,1,G065E610010,610800,G065E,榆蓝高速(陕西)榆绥段,31,110.046433,37.900096,1,1,2,4,1,1,1,3,0.09,0,1346428800000,0,140201,3701
G065E610010060,米脂,3,0,61010E42,2|1,610827,米脂县,榆林市,2,2,1,,1,G065E610010,610800,G065E,榆蓝高速(陕西)榆绥段,31,110.191789,37.716107,1,2,2,5,1,1,2,4,0.09,0,1346428800000,0,140202,3701
G065E610010070,四十里铺,3,0,61010E43,2|1,610826,绥德县,榆林市,2,2,1,,1,G065E610010,610800,G065E,榆蓝高速(陕西)榆绥段,31,110.224352,37.620892,1,1,2,4,1,1,1,3,0.09,0,1346428800000,0,140203,3701
G065E610010080,史家湾,3,0,61010E44,2|1,610826,绥德县,榆林市,2,3,1,,1,G065E610010,610800,G065E,榆蓝高速(陕西)榆绥段,31,110.11201,37.324241,1,3,0,4,1,2,0,3,0.09,0,1346428800000,0,140204,3701
G065E610020010,蒲城东,3,0,61010724,3,610526,蒲城县,渭南市,2,2,1,,1,G065E610020,610500,G065E,榆蓝高速(陕西)渭蒲段,4,109.637935,34.948432,1,4,2,7,1,2,1,4,0.09,0,1288540800000,0,70104,5801
G065E610020020,卤阳湖,3,0,61010723,3,610526,蒲城县,渭南市,2,2,1,,1,G065E610020,610500,G065E,榆蓝高速(陕西)渭蒲段,4,109.644361,34.845391,1,3,1,5,1,2,1,4,0.09,0,1288540800000,0,70103,5801
G065E610020030,蔺店,3,0,61010722,3,610502,临渭区,渭南市,2,2,1,,1,G065E610020,610500,G065E,榆蓝高速(陕西)渭蒲段,4,109.630931,34.722708,1,1,2,4,1,1,1,3,0.09,0,1465142400000,0,70102,5801
G065E610020040,渭南北,3,0,61010721,3,610502,临渭区,渭南市,2,2,1,,1,G065E610020,610500,G065E,榆蓝高速(陕西)渭蒲段,4,109.623925,34.648489,2,5,2,9,2,2,2,6,0.09,610500,1288540800000,0,70101,5801
G065E610030010,高塘,3,0,61011A21,3,610503,华州区,渭南市,2,2,1,,1,G065E610030,610500,G065E,榆蓝高速(陕西)渭玉段,4,109.620264,34.392658,1,2,1,4,1,1,1,3,0.09,0,1448899200000,0,260101,5801
G065E610030020,桥南,3,0,61011A22,3,610502,临渭区,渭南市,2,2,1,,1,G065E610030,610500,G065E,榆蓝高速(陕西)渭玉段,4,109.58797,34.337001,1,2,1,4,1,1,1,3,0.09,0,1448899200000,0,260102,5801
G065E610030030,厚镇,3,0,61011A23,3,610122,蓝田县,西安市,2,2,1,,1,G065E610030,610100,G065E,榆蓝高速(陕西)渭玉段,4,109.517249,34.250407,1,2,1,4,1,1,1,3,0.09,0,1448899200000,0,260103,5801
G065E610040010,绥德西,3,0,61012121,2|1,610826,绥德县,榆林市,2,2,1,,1,G065E610040,610800,G065E,榆蓝高速(陕西)绥延段,48,110.220967,37.516108,1,0,2,3,1,0,2,3,0.09,0,1579449600000,0,330101,6401
G065E610040020,淮宁湾,3,0,61012122,2|1,610831,子洲县,榆林市,2,2,1,,1,G065E610040,610800,G065E,榆蓝高速(陕西)绥延段,48,110.124161,37.410805,1,0,2,3,1,0,2,3,0.09,0,1579449600000,0,330102,6401
G065E610040030,清涧北,3,0,61012123,2|1,610830,清涧县,榆林市,2,2,1,,1,G065E610040,610800,G065E,榆蓝高速(陕西)绥延段,48,110.094655,37.121603,1,0,2,3,1,0,2,3,0.09,0,1579449600000,0,330103,6401
G065E610040040,清涧南,3,0,61012124,2|1,610830,清涧县,榆林市,2,2,1,,1,G065E610040,610800,G065E,榆蓝高速(陕西)绥延段,48,110.138501,37.041075,1,0,2,3,1,0,2,3,0.09,0,1579449600000,0,330104,6401
G065E610040050,王家坪,3,0,61012125,2|1,610622,延川县,延安市,2,2,1,,1,G065E610040,610600,G065E,榆蓝高速(陕西)绥延段,48,110.096891,36.940943,1,0,2,3,1,0,2,3,0.09,0,1579449600000,0,330105,6401
G065E610050010,黄龙,3,0,61012225,2|1,610631,黄龙县,延安市,2,2,1,,1,G065E610050,610600,G065E,榆蓝高速(陕西)黄蒲段,51,109.493402,35.335326,2,0,2,4,2,0,2,4,0.09,,1608825600000,0,340105,6601
G065E610050020,石头,3,0,61012224,2|1,610629,洛川县,延安市,2,2,1,,1,G065E610050,610600,G065E,榆蓝高速(陕西)黄蒲段,51,109.401514,35.291421,1,0,2,3,1,0,2,3,0.09,,1608825600000,0,340104,6601
G065E610050030,史官,3,0,61012223,2|1,610527,白水县,渭南市,2,2,1,,1,G065E610050,610500,G065E,榆蓝高速(陕西)黄蒲段,51,109.401805,35.212742,1,0,2,3,1,0,2,3,0.09,,1608825600000,0,340103,6601
G065E610050040,白水,3,0,61012222,2|1,610527,白水县,渭南市,2,2,1,,1,G065E610050,610500,G065E,榆蓝高速(陕西)黄蒲段,51,109.651331,35.207637,2,0,2,4,2,0,2,4,0.09,0,1579449600000,0,340102,6601
G065E610050050,罕井,3,0,61012221,2|1,610526,蒲城县,渭南市,2,2,1,,1,G065E610050,610500,G065E,榆蓝高速(陕西)黄蒲段,51,109.374035,35.053702,1,0,2,3,1,0,2,3,0.09,0,1579449600000,0,340101,6601
G065E610060010,延长,3,0,61013021,3,610621,延长县,延安市,2,2,1,,1,G065E610060,610600,G065E,榆蓝高速(陕西)延黄段,55,109.550909,36.344083,2,0,2,4,2,0,2,4,0.09,0,1624982400000,0,480101,7401
G065E610060020,临镇,3,0,61013022,3,610602,宝塔区,延安市,2,2,1,,1,G065E610060,610600,G065E,榆蓝高速(陕西)延黄段,55,117.010227,36.204364,1,0,2,3,1,0,2,3,0.09,0,1624982400000,0,480102,7401
G065E610060030,云岩,3,0,61013023,3,610630,宜川县,延安市,2,2,1,,1,G065E610060,610600,G065E,榆蓝高速(陕西)延黄段,55,117.061641,36.182067,1,0,2,3,1,0,2,3,0.09,0,1624982400000,0,480103,7401
G065E610060040,交里,3,0,61013024,3,610630,宜川县,延安市,2,2,1,,1,G065E610060,610600,G065E,榆蓝高速(陕西)延黄段,55,117.102546,36.071707,1,0,2,3,1,0,2,3,0.09,0,1624982400000,0,480104,7401
G065E610060050,圪台,3,0,61013025,3,610631,黄龙县,延安市,2,2,1,,1,G065E610060,610600,G065E,榆蓝高速(陕西)延黄段,55,110.044568,35.500378,1,0,2,3,1,0,2,3,0.09,0,1624982400000,0,480105,7401
G065E610060060,黄龙北,3,0,61013026,3,610631,黄龙县,延安市,2,2,1,,1,G065E610060,610600,G065E,榆蓝高速(陕西)延黄段,55,109.502112,35.382089,1,0,2,3,1,0,2,3,0.09,0,1624982400000,0,480106,7401
G065W610010010,枣园,3,0,61011962,2|1,610602,宝塔区,延安市,2,2,1,,1,G065W610010,610600,G065W,延西高速黄延二道段,40,109.373558,36.627734,3,2,3,8,3,2,2,7,0.09,0,1473609600000,0,250302,5601
G065W610010020,万花,3,0,61011961,2|1,610602,宝塔区,延安市,2,2,1,,1,G065W610010,610600,G065W,延西高速黄延二道段,40,109.347364,36.557926,3,3,3,9,3,2,2,7,0.09,0,1473609600000,0,250301,5601
G065W610010030,甘泉西,3,0,61011942,2|1,610627,甘泉县,延安市,2,2,1,,1,G065W610010,610600,G065W,延西高速黄延二道段,40,109.294149,36.333261,3,2,3,8,3,2,2,7,0.09,0,1473609600000,0,250202,5601
G065W610010040,富县西,3,0,61011941,2|1,610628,富县,延安市,2,2,1,,1,G065W610010,610600,G065W,延西高速黄延二道段,40,109.178137,36.076675,3,1,2,6,1,1,2,4,0.09,0,1448899200000,0,250201,5601
G065W610010050,羊泉_旧,3,0,61011923,2|1,610628,富县,延安市,2,2,1,,1,G065W610010,610600,G065W,延西高速黄延二道段,40,109.215397,35.878643,3,1,2,6,1,1,2,4,0.09,0,1448899200000,0,250103,5601
G065W610010060,隆坊_旧,3,0,61011922,2|1,610632,黄陵县,延安市,2,2,1,,1,G065W610010,610600,G065W,延西高速黄延二道段,40,109.181177,35.706945,3,1,2,6,1,1,2,4,0.09,0,1448899200000,0,250102,5601
G065W610010070,黄陵西_旧,3,0,61011921,2|1,610632,黄陵县,延安市,2,2,1,,1,G065W610010,610600,G065W,延西高速黄延二道段,40,109.19537,35.593562,3,2,3,8,3,2,2,7,0.09,0,1448899200000,0,250101,5601
G065W610020010,花石崖,3,0,61011043,3,610222,宜君县,铜川市,2,2,1,,1,G065W610020,610200,G065W,延西高速铜黄二道段  ,28,109.056122,35.455193,1,2,1,4,1,1,1,3,0.09,0,1443628800000,0,160203,3901
G065W610020020,玉华宫,3,0,61011042,3,610222,宜君县,铜川市,2,2,1,,1,G065W610020,610200,G065W,延西高速铜黄二道段  ,28,108.974965,35.355657,1,2,1,4,1,0,2,3,0.09,0,1443628800000,0,160202,3901
G065W610020030,铜川北,3,0,61011041,3,610203,印台区,铜川市,2,2,1,,1,G065W610020,610200,G065W,延西高速铜黄二道段  ,28,108.985406,35.263636,1,1,2,4,1,1,2,4,0.09,0,1417363200000,0,160201,3901
G065W610020040,演池,3,0,61011022,3,610202,王益区,铜川市,2,2,1,,1,G065W610020,610200,G065W,延西高速铜黄二道段  ,28,108.995754,35.091796,1,2,1,4,1,1,1,3,0.09,0,1385827200000,0,160102,3901
G065W610020050,锦阳湖,3,0,61011021,3,610204,耀州区,铜川市,2,2,1,,1,G065W610020,610200,G065W,延西高速铜黄二道段  ,28,108.933215,35.001286,1,2,1,4,1,1,1,3,0.09,0,1385827200000,0,160101,3901
G065W610030010,铜川新区,3,0,61010C21,3,610204,耀州区,铜川市,2,2,1,,1,G065W610030,610200,G065W,延西高速西铜二道段,28,108.906671,34.881069,2,5,2,9,2,1,2,5,0.09,610200,1322668800000,0,120101,3901
G065W610030020,马额,3,0,61010C22,3,610422,三原县,咸阳市,2,2,1,,1,G065W610030,610400,G065W,延西高速西铜二道段,28,108.918903,34.825324,1,3,2,6,1,2,1,4,0.09,0,1322668800000,0,120102,3901
G065W610030030,新兴,3,0,61010C41,3,610422,三原县,咸阳市,2,2,1,,1,G065W610030,610400,G065W,延西高速西铜二道段,28,108.918985,34.738495,1,1,2,4,1,1,1,3,0.09,0,1322668800000,0,120201,3901
G065W610030040,三原,3,0,61010C42,3,610422,三原县,咸阳市,2,2,1,,1,G065W610030,610400,G065W,延西高速西铜二道段,28,108.908984,34.607394,2,3,2,7,2,1,2,5,0.09,0,1322668800000,0,120202,3901
G065W610030050,泾阳,3,0,61010C43,3,610423,泾阳县,咸阳市,2,2,1,,1,G065W610030,610400,G065W,延西高速西铜二道段,28,108.915318,34.521761,2,3,2,7,2,1,2,5,0.09,0,1322668800000,0,120203,3901
G065W610030060,聂冯,3,0,61010C44,3,610423,泾阳县,咸阳市,2,2,1,,1,G065W610030,610400,G065W,延西高速西铜二道段,28,108.969321,34.446407,2,4,2,8,1,1,2,4,0.09,0,1322668800000,0,120204,3901
G065W610030070,泾河新城,3,0,61010C45,2|1,610423,泾阳县,咸阳市,2,1,1,,1,G065W610030,610400,G065W,延西高速西铜二道段,28,108.944208,34.470063,3,0,4,7,3,0,2,5,0.09,0,1629388800000,0,120205,3901
G065W610040010,羊泉,3,0,61011063,2|1,610628,富县,延安市,2,2,1,,1,G065W610040,610600,G065W,延西高速龙黄二道段,40,109.215397,35.878643,2,1,2,5,1,1,2,4,0.09,0,1449417600000,0,160303,5601
G065W610040020,隆坊,3,0,61011062,2|1,610632,黄陵县,延安市,2,2,1,,1,G065W610040,610600,G065W,延西高速龙黄二道段,40,109.181177,35.706945,2,1,2,5,1,1,2,4,0.09,0,1449417600000,0,160302,5601
G065W610040030,黄陵西,3,0,61011061,2|1,610632,黄陵县,延安市,2,2,1,,1,G065W610040,610600,G065W,延西高速龙黄二道段,40,109.19537,35.593562,2,2,3,7,2,2,2,6,0.09,0,1449417600000,0,160301,5601
G1812610010010,府谷,2,S0046140190090,61010D25,2|1,610822,府谷县,榆林市,1,3,1,,1,G1812610010,610800,G1812,沧榆高速(陕西)神府段,29,110.970733,38.96404,2,12,0,14,2,8,0,10,0.09,0,1354291200000,14,130105,3001
G1812610010020,府谷南,3,0,61010D24,2|1,610822,府谷县,榆林市,2,2,1,,1,G1812610010,610800,G1812,沧榆高速(陕西)神府段,29,110.982257,38.962662,3,1,3,7,3,0,2,5,0.09,0,1322668800000,0,130104,3001
G1812610010030,石马川,3,0,61010D23,2|1,610822,府谷县,榆林市,2,2,1,,1,G1812610010,610800,G1812,沧榆高速(陕西)神府段,29,110.883138,38.941155,2,0,5,7,2,1,2,5,0.09,0,1322668800000,0,130103,3001
G1812610010040,永兴,3,0,61010D22,2|1,610881,神木市,榆林市,2,2,1,,1,G1812610010,610800,G1812,沧榆高速(陕西)神府段,29,110.600491,38.966376,3,1,2,6,2,0,2,4,0.09,0,1322668800000,0,130102,3001
G1812610010050,神木北,3,0,61010D21,2|1,610881,神木市,榆林市,2,2,1,,1,G1812610010,610800,G1812,沧榆高速(陕西)神府段,29,110.517293,38.89096,3,1,2,6,3,0,1,4,0.09,0,1322668800000,0,130101,3001
G1812610030010,神木,3,0,61013B25,2,610881,神木市,榆林市,2,2,1,,1,G1812610030,610800,G1812,沧榆高速(陕西)榆神段,16,110.443891,38.846323,2,6,2,10,2,1,2,5,0.09,0,1259596800000,0,590105,3601
G1812610030020,西沟,3,0,61013B24,2,610881,神木市,榆林市,2,2,1,,1,G1812610030,610800,G1812,沧榆高速(陕西)榆神段,16,110.273381,38.800167,2,3,2,7,2,1,2,5,0.09,0,1259596800000,0,590104,3601
G1812610030030,锦界,3,0,61013B23,2,610881,神木市,榆林市,2,2,1,,1,G1812610030,610800,G1812,沧榆高速(陕西)榆神段,16,110.091229,38.703834,1,6,2,9,1,2,2,5,0.09,0,1259596800000,0,590103,3601
G1812610030040,大保当,3,0,61013B22,2,610881,神木市,榆林市,2,2,1,,1,G1812610030,610800,G1812,沧榆高速(陕西)榆神段,16,109.946435,38.594382,2,3,2,7,1,2,2,5,0.09,0,1259596800000,0,590102,3601
G1812610030050,金鸡滩,3,0,61013B21,2,610802,榆阳区,榆林市,2,2,1,,1,G1812610030,610800,G1812,沧榆高速(陕西)榆神段,16,109.790705,38.479786,2,3,2,7,2,1,2,5,0.09,0,1259596800000,0,590101,3601
G1812610030060,店塔,3,0,61013B26,2,610881,神木市,榆林市,2,2,1,,1,G1812610030,610800,G1812,沧榆高速(陕西)榆神段,16,110.443843,38.991948,1,8,2,11,1,3,2,6,0.09,0,1291132800000,0,590106,4001
G2211610010010,陕西延川,2,0,61011344,2|1,610622,延川县,延安市,1,3,1,,1,G2211610010,610600,G2211,长延高速(陕西)延延段,36,110.400833,36.790556,2,10,0,12,2,5,0,7,0.09,0,1546063200000,14,190204,5301
G2211610010020,乾坤湾,3,0,61011343,3,610622,延川县,延安市,2,2,1,,1,G2211610010,610600,G2211,长延高速(陕西)延延段,36,110.286694,36.786289,1,0,2,3,1,1,1,3,0.09,0,1443628800000,0,190203,5301
G2211610010030,延川,3,0,61011342,3,610622,延川县,延安市,2,2,1,,1,G2211610010,610600,G2211,长延高速(陕西)延延段,36,110.150262,36.882692,3,3,2,8,1,1,2,4,0.09,0,1443628800000,0,190202,5301
G2211610010040,文安驿,3,0,61011341,2|1,610622,延川县,延安市,2,2,1,,1,G2211610010,610600,G2211,长延高速(陕西)延延段,36,110.049192,36.864182,3,0,1,4,2,1,1,4,0.09,0,1443628800000,0,190201,5301
G2211610010050,甘谷驿,3,0,61011323,2|1,610602,宝塔区,延安市,2,2,1,,1,G2211610010,610600,G2211,长延高速(陕西)延延段,36,109.821391,36.706473,2,2,2,6,1,1,2,4,0.09,0,1443628800000,0,190103,5301
G2211610010060,姚店,3,0,61011322,2|1,610602,宝塔区,延安市,2,2,1,,1,G2211610010,610600,G2211,长延高速(陕西)延延段,36,109.738792,36.698872,3,4,3,10,1,1,2,4,0.09,0,1443628800000,0,190102,5301
G2211610010070,青化砭,3,0,61011321,2|1,610602,宝塔区,延安市,2,2,1,,1,G2211610010,610600,G2211,长延高速(陕西)延延段,36,109.640833,36.742037,1,1,2,4,1,1,1,3,0.09,0,1443628800000,0,190101,5301
G2211610010080,冯庄,3,0,61011324,2|1,610602,宝塔区,延安市,2,2,1,,1,G2211610010,610600,G2211,长延高速(陕西)延延段,36,109.575035,36.735145,1,1,2,4,1,1,1,3,0.09,0,1516809600000,0,190104,5301
G2211610020010,招安,3,0,61011121,2|1,610603,安塞区,延安市,2,2,1,,1,G2211610020,610600,G2211,长延高速(陕西)延志吴段,33,109.16224,36.831578,1,1,1,3,1,1,1,3,0.09,0,1385827200000,0,170101,3401
G2211610020020,志丹东,3,0,61011123,2|1,610625,志丹县,延安市,2,2,1,,1,G2211610020,610600,G2211,长延高速(陕西)延志吴段,33,108.817514,36.867836,3,1,2,6,1,1,1,3,0.09,0,1409500800000,0,170103,3401
G2211610020030,志丹,3,0,61011124,2|1,610625,志丹县,延安市,2,2,1,,1,G2211610020,610600,G2211,长延高速(陕西)延志吴段,33,108.726523,36.867712,1,1,2,4,1,1,1,3,0.09,0,1385827200000,0,170104,3401
G2211610020040,吴起,3,0,61011125,2|1,610626,吴起县,延安市,2,2,1,,1,G2211610020,610600,G2211,长延高速(陕西)延志吴段,33,108.241218,36.933193,1,2,4,7,3,1,1,5,0.09,0,1385827200000,0,170105,3401
G2211610020050,侯市,3,0,61011122,2|1,610603,安塞区,延安市,2,2,1,,1,G2211610020,610600,G2211,长延高速(陕西)延志吴段,33,108.96977,36.856534,0,0,3,3,0,0,3,3,0.09,0,1545840000000,0,170102,3401
G3001610010010,新筑,3,0,61011541,2|1,610111,灞桥区,西安市,2,2,1,,1,G3001610010,610100,G3001,绕城高速(路段),7,109.064268,34.347709,14,4,10,28,5,6,3,14,0.09,610100,1301587200000,0,210201,0101
G3001610010020,香王,3,0,61011527,2|1,610111,灞桥区,西安市,2,2,1,,1,G3001610010,610100,G3001,绕城高速(路段),7,109.084509,34.277035,3,4,6,13,4,4,1,9,0.09,610100,1062345600000,0,210107,0101
G3001610010030,纺织城,3,0,61011526,2|1,610111,灞桥区,西安市,2,2,1,,1,G3001610010,610100,G3001,绕城高速(路段),7,109.063993,34.251167,2,5,3,10,2,2,1,5,0.09,610100,1062345600000,0,210106,0101
G3001610010040,曲江,3,0,61011525,2|1,610113,雁塔区,西安市,2,2,1,,1,G3001610010,610100,G3001,绕城高速(路段),7,109.001624,34.202983,3,16,7,26,7,7,3,17,0.09,610100,1062345600000,0,210105,0101
G3001610010050,雁塔,3,0,61011528,2|1,610113,雁塔区,西安市,2,2,1,,1,G3001610010,610100,G3001,绕城高速(路段),7,108.960324,34.188792,5,0,3,8,3,1,1,5,0.09,610100,1484496000000,0,210108,0101
G3001610010060,长安路,3,0,61011524,2|1,610113,雁塔区,西安市,2,2,1,,1,G3001610010,610100,G3001,绕城高速(路段),7,108.948509,34.189945,10,6,6,22,6,4,2,12,0.09,610100,1062345600000,0,210104,0101
G3001610010070,高新区,3,0,61011523,2|1,610113,雁塔区,西安市,2,2,1,,1,G3001610010,610100,G3001,绕城高速(路段),7,108.893411,34.191251,12,4,7,23,13,1,3,17,0.09,610100,1062345600000,0,210103,0101
G3001610010080,丈八,3,0,61011529,2|1,610113,雁塔区,西安市,2,2,1,,1,G3001610010,610100,G3001,绕城高速(路段),7,108.867292,34.18903,6,2,4,12,5,1,3,9,0.09,610100,1506614400000,0,210109,0101
G3001610010090,河池寨,3,0,61011522,2|1,610113,雁塔区,西安市,2,2,1,,1,G3001610010,610100,G3001,绕城高速(路段),7,108.83177,34.198568,2,5,7,14,2,2,3,7,0.09,610100,1062345600000,0,210102,0101
G3001610010100,未央南,3,0,61011543,2|1,610112,未央区,西安市,2,2,1,,1,G3001610010,610100,G3001,绕城高速(路段),7,108.950235,34.359182,4,3,5,12,7,3,3,13,0.09,610100,970329600000,0,210203,0101
G3001610010110,未央北,3,0,61011544,2|1,610112,未央区,西安市,2,2,1,,1,G3001610010,610100,G3001,绕城高速(路段),7,108.955573,34.368019,4,2,4,10,6,1,3,10,0.09,610100,970329600000,0,210204,0101
G3001610010120,杏园,3,0,61011542,2|1,610111,灞桥区,西安市,2,2,1,,1,G3001610010,610100,G3001,绕城高速(路段),7,109.019834,34.364157,18,0,10,28,11,0,6,17,0.09,610100,1513612800000,0,210202,0101
G3001610010130,经开,3,0,61011545,2|1,610112,未央区,西安市,2,2,1,,1,G3001610010,610100,G3001,绕城高速(路段),7,108.929931,34.373381,2,0,2,4,2,0,2,4,0.09,0,1624896000000,0,210205,0101
G3511610010010,吕村,3,0,61011B23,3,610204,耀州区,铜川市,2,2,1,,1,G3511610010,610200,G3511,荷宝高速(陕西)铜旬段,41,108.860097,34.978225,1,2,1,4,1,0,2,3,0.09,0,1454428800000,0,270103,6001
G3511610010020,照金,3,0,61011B22,3,610204,耀州区,铜川市,2,2,1,,1,G3511610010,610200,G3511,荷宝高速(陕西)铜旬段,41,108.661005,35.035165,2,1,2,5,2,0,2,4,0.09,0,1454428800000,0,270102,6001
G3511610010030,石门,3,0,61011B21,3,610429,旬邑县,咸阳市,2,2,1,,1,G3511610010,610400,G3511,荷宝高速(陕西)铜旬段,41,108.554748,35.050228,1,2,1,4,1,0,2,3,0.09,0,1454428800000,0,270101,6001
G3511610020010,同家庄,3,0,61012621,2,610524,合阳县,渭南市,2,2,1,,1,G3511610020,610500,G3511,荷宝高速(陕西)合铜段,53,110.238092,35.312052,1,0,2,3,1,0,2,3,0.09,,1609430400000,0,380101,6901
G3511610020020,合阳北,3,0,61012622,3,610524,合阳县,渭南市,2,2,1,,1,G3511610020,610500,G3511,荷宝高速(陕西)合铜段,53,110.122147,35.29987,1,0,2,3,1,0,2,3,0.09,,1609430400000,0,380102,6901
G3511610020030,澄城北,3,0,61012623,3,610525,澄城县,渭南市,2,1,1,,1,G3511610020,610500,G3511,荷宝高速(陕西)合铜段,53,109.967698,35.290372,1,0,2,3,1,0,2,3,0.09,,1609430400000,0,380103,6901
G3511610020040,王庄,3,0,61012624,3,610525,澄城县,渭南市,2,2,1,,1,G3511610020,610500,G3511,荷宝高速(陕西)合铜段,53,109.858255,35.306414,1,0,2,3,1,0,2,3,0.09,,1609430400000,0,380104,6901
G3511610020050,冯原,3,0,61012625,3,610525,澄城县,渭南市,2,2,1,,1,G3511610020,610500,G3511,荷宝高速(陕西)合铜段,53,109.764312,35.335725,1,0,2,3,1,0,2,3,0.09,,1609430400000,0,380105,6901
G3511610020060,白水北,3,0,61012626,3,610527,白水县,渭南市,2,2,1,,1,G3511610020,610500,G3511,荷宝高速(陕西)合铜段,53,109.578663,35.237048,1,0,1,2,1,0,2,3,0.09,,1609430400000,0,380106,6901
G3511610020070,林皋,3,0,61012627,3,610527,白水县,渭南市,2,2,1,,1,G3511610020,610500,G3511,荷宝高速(陕西)合铜段,53,109.451364,35.204647,1,0,2,3,1,0,2,3,0.09,,1609430400000,0,380107,6901
G3511610020080,红土,3,0,61012628,3,610203,印台区,铜川市,2,2,1,,1,G3511610020,610200,G3511,荷宝高速(陕西)合铜段,53,109.236102,35.176696,1,0,2,3,1,0,2,3,0.09,,1609430400000,0,380108,6901
G3511610020090,铜川东,3,0,61012629,3,610203,印台区,铜川市,2,1,1,,1,G3511610020,610200,G3511,荷宝高速(陕西)合铜段,53,109.124117,35.134309,1,0,2,3,1,0,2,3,0.09,,1609430400000,0,380109,6901
G3511610020100,赵家塬,3,0,6101262A,3,610203,印台区,铜川市,2,1,1,,1,G3511610020,610200,G3511,荷宝高速(陕西)合铜段,53,109.052053,35.109904,1,0,2,3,1,0,2,3,0.09,,1624982400000,0,380110,6901
G3511610030010,旬邑西,3,0,61013121,3,610429,旬邑县,咸阳市,2,1,1,,1,G3511610030,610400,G3511,荷宝高速(陕西)旬凤段,54,109.78847,36.78847,1,0,2,3,1,0,2,3,0.09,,1640880000000,0,490101,7201
G3511610030020,崔木,3,0,61013123,3,610329,麟游县,宝鸡市,2,1,1,,1,G3511610030,610300,G3511,荷宝高速(陕西)旬凤段,54,107.872898,34.820555,1,0,2,3,1,0,2,3,0.09,,1627660800000,0,490103,7201

G3511610030030,麟游,3,0,61013124,3,610329,麟游县,宝鸡市,2,2,1,,1,G3511610030,610300,G3511,荷宝高速(陕西)旬凤段,54,107.754812,34.674904,1,0,2,3,1,0,2,3,0.09,,1609344000000,0,490104,7201
G3511610030040,良舍,3,0,61013125,3,610329,麟游县,宝鸡市,2,2,1,,1,G3511610030,610300,G3511,荷宝高速(陕西)旬凤段,54,107.680314,34.65955,1,0,2,3,1,0,2,3,0.09,,1609344000000,0,490105,7201
G3511610030050,西凤,3,0,61013126,3,610322,凤翔县,宝鸡市,2,1,1,,1,G3511610030,610300,G3511,荷宝高速(陕西)旬凤段,54,109.78847,36.78847,1,0,2,3,1,0,2,3,0.09,,1627660800000,0,490106,7201
G4213610010010,老县镇,3,0,61011721,2|1,610926,平利县,安康市,2,2,1,,1,G4213610010,610900,G4213,麻安高速(陕西)安平段,37,109.143027,32.550355,2,0,1,3,2,0,1,3,0.09,0,1446307200000,0,230101,5501
G4213610010020,平利西,3,0,61011722,2|1,610926,平利县,安康市,2,2,1,,1,G4213610010,610900,G4213,麻安高速(陕西)安平段,37,109.318385,32.411963,4,0,1,5,2,0,1,3,0.09,0,1446307200000,0,230102,5501
G4213610010030,平利东,3,0,61011723,2|1,610926,平利县,安康市,2,2,1,,1,G4213610010,610900,G4213,麻安高速(陕西)安平段,37,109.411876,32.373173,2,0,1,3,2,0,1,3,0.09,0,1446307200000,0,230103,5501
G4213610010040,陕西平利,2,G4213420040090,61011724,2|1,610926,平利县,安康市,1,3,1,,1,G4213610010,610900,G4213,麻安高速(陕西)安平段,37,109.490556,32.343333,3,10,0,13,3,6,0,9,0.09,0,1448899200000,42,230104,5501
G6911610010010,广佛,3,0,61012421,2|1,610926,平利县,安康市,2,2,1,,1,G6911610010,610900,G6911,安来高速(陕西段)平镇段,37,109.240329,32.142072,1,0,2,3,1,0,2,3,0.09,0,1598544000000,0,360101,4501
G6911610010020,曾家,3,0,61012422,2|1,610927,镇坪县,安康市,2,2,1,,1,G6911610010,610900,G6911,安来高速(陕西段)平镇段,37,109.284005,32.075439,1,0,2,3,1,0,2,3,0.09,0,1598544000000,0,360102,4501
G6911610010030,牛头店,3,0,61012423,2|1,610927,镇坪县,安康市,2,2,1,,1,G6911610010,610900,G6911,安来高速(陕西段)平镇段,37,109.325116,32.044653,1,0,2,3,1,0,2,3,0.09,0,1598544000000,0,360103,4501
G6911610010040,镇坪,3,0,61012424,2|1,610927,镇坪县,安康市,2,2,1,,1,G6911610010,610900,G6911,安来高速(陕西段)平镇段,37,109.315248,32.548414,2,0,2,4,2,0,2,4,0.09,0,1598544000000,0,360104,4501
G6911610010050,钟宝,3,0,61012425,2|1,610927,镇坪县,安康市,2,2,1,,1,G6911610010,610900,G6911,安来高速(陕西段)平镇段,37,109.316805,31.497222,1,0,2,3,1,0,2,3,0.09,0,1598544000000,0,360105,4501
G7011610010010,陕西白河,2,G7011420010040,61013F84,2,610929,白河县,安康市,1,3,1,,1,G7011610010,610900,G7011,十天高速(陕西)白泉段,18,110.135548,32.733126,2,14,0,16,2,9,0,11,0.09,0,1388505600000,42,630404,0901
G7011610010020,白河,3,0,61013F83,2,610929,白河县,安康市,2,2,1,,1,G7011610010,610900,G7011,十天高速(陕西)白泉段,18,110.02926,32.726451,2,1,2,5,2,0,1,3,0.09,0,1367337600000,0,630403,0901
G7011610010030,茅坪,3,0,61013F82,2,610929,白河县,安康市,2,2,1,,1,G7011610010,610900,G7011,十天高速(陕西)白泉段,18,109.955252,32.707314,2,0,1,3,2,0,1,3,0.09,0,1367337600000,0,630402,0901
G7011610010040,双河,3,0,61013F81,2,610929,白河县,安康市,2,2,1,,1,G7011610010,610900,G7011,十天高速(陕西)白泉段,18,109.756729,32.715642,2,0,1,3,2,0,1,3,0.09,0,1322668800000,0,630401,0901
G7011610010050,张河,3,0,61013F63,2,610928,旬阳县,安康市,2,2,1,,1,G7011610010,610900,G7011,十天高速(陕西)白泉段,18,109.532626,32.715769,2,0,1,3,2,0,1,3,0.09,0,1398873600000,0,630303,0901
G7011610010060,神河,3,0,61013F62,2,610928,旬阳县,安康市,2,2,1,,1,G7011610010,610900,G7011,十天高速(陕西)白泉段,18,109.460075,32.688338,2,0,2,4,2,0,1,3,0.09,0,1322668800000,0,630302,0901
G7011610010070,旬阳,3,0,61013F61,2,610928,旬阳县,安康市,2,2,1,,1,G7011610010,610900,G7011,十天高速(陕西)白泉段,18,109.358807,32.75089,2,1,2,5,2,1,1,4,0.09,0,1322668800000,0,630301,0901
G7011610010080,安康东,3,0,61013F24,2,610902,汉滨区,安康市,2,2,1,,1,G7011610010,610900,G7011,十天高速(陕西)白泉段,18,109.064665,32.679586,5,3,2,10,3,1,1,5,0.09,610900,1322668800000,0,630104,0901
G7011610010090,安康,3,0,61013F21,2,610902,汉滨区,安康市,2,2,1,,1,G7011610010,610900,G7011,十天高速(陕西)白泉段,18,108.958865,32.693538,6,6,2,14,4,2,1,7,0.09,610900,1241107200000,0,630101,0901
G7011610010100,恒口,3,0,61013F22,2,610902,汉滨区,安康市,2,2,1,,1,G7011610010,610900,G7011,十天高速(陕西)白泉段,18,108.742629,32.735132,2,0,2,4,2,0,1,3,0.09,0,1291132800000,0,630102,0901
G7011610010110,蒲溪,3,0,61013F23,2,610921,汉阴县,安康市,2,2,1,,1,G7011610010,610900,G7011,十天高速(陕西)白泉段,18,108.644923,32.803761,2,0,2,4,2,0,1,3,0.09,0,1291132800000,0,630103,0901
G7011610010120,汉阴,3,0,61013F41,2,610921,汉阴县,安康市,2,2,1,,1,G7011610010,610900,G7011,十天高速(陕西)白泉段,18,108.527561,32.869298,2,1,2,5,2,0,1,3,0.09,0,1291132800000,0,630201,0901
G7011610010130,池河,3,0,61013F42,2,610922,石泉县,安康市,2,2,1,,1,G7011610010,610900,G7011,十天高速(陕西)白泉段,18,108.356812,32.947023,2,0,2,4,2,0,1,3,0.09,0,1291132800000,0,630202,0901
G7011610010140,石泉,3,0,61013F43,2,610922,石泉县,安康市,2,2,1,,1,G7011610010,610900,G7011,十天高速(陕西)白泉段,18,108.287355,32.998813,2,1,2,5,2,0,1,3,0.09,0,1291132800000,0,630203,0901
G7011610020010,茶镇,3,0,61010821,2|1,610724,西乡县,汉中市,2,2,1,,1,G7011610020,610700,G7011,十天高速(陕西)西略段,5,108.113919,33.006717,2,1,1,4,2,0,1,3,0.09,0,1291132800000,0,80101,0801
G7011610020020,午子山,3,0,61010822,2,610724,西乡县,汉中市,2,3,1,,1,G7011610020,610700,G7011,十天高速(陕西)西略段,5,107.823122,32.967602,1,4,0,5,1,2,0,3,0.09,0,1293292800000,0,80102,0801
G7011610020030,西乡,3,0,61010823,2|1,610724,西乡县,汉中市,2,2,1,,1,G7011610020,610700,G7011,十天高速(陕西)西略段,5,107.737676,32.961282,4,1,2,7,2,1,1,4,0.09,0,1291132800000,0,80103,0801
G7011610020040,沙河,3,0,61010824,2|1,610724,西乡县,汉中市,2,2,1,,1,G7011610020,610700,G7011,十天高速(陕西)西略段,5,107.505712,32.950845,2,0,1,3,2,0,1,3,0.09,0,1291132800000,0,80104,0801
G7011610020050,盐井,3,0,61010841,2|1,610722,城固县,汉中市,2,2,1,,1,G7011610020,610700,G7011,十天高速(陕西)西略段,5,107.311397,33.018968,2,1,1,4,2,0,1,3,0.09,0,1291132800000,0,80201,0801
G7011610020060,铺镇,3,0,61010842,2|1,610702,汉台区,汉中市,2,2,1,,1,G7011610020,610700,G7011,十天高速(陕西)西略段,5,107.159407,33.100242,1,2,2,5,1,1,1,3,0.09,,1324742400000,0,80202,0801
G7011610020070,汉中北,3,0,61010843,2|1,610702,汉台区,汉中市,2,2,1,,1,G7011610020,610700,G7011,十天高速(陕西)西略段,5,107.041754,33.166549,4,0,2,6,2,0,1,3,0.09,610700,1322668800000,0,80203,0801
G7011610020080,褒城,3,0,61010844,2|1,610702,汉台区,汉中市,2,2,1,,1,G7011610020,610700,G7011,十天高速(陕西)西略段,5,106.9729,33.169926,2,1,2,5,2,0,1,3,0.09,0,1322668800000,0,80204,0801
G7011610020090,新街子,3,0,61010861,2|1,610725,勉县,汉中市,2,2,1,,1,G7011610020,610700,G7011,十天高速(陕西)西略段,5,106.838193,33.187097,2,0,2,4,2,0,1,3,0.09,0,1322668800000,0,80301,0801
G7011610020100,勉县北,3,0,61010862,2|1,610725,勉县,汉中市,2,2,1,,1,G7011610020,610700,G7011,十天高速(陕西)西略段,5,106.72254,33.185286,2,1,2,5,2,1,1,4,0.09,0,1322668800000,0,80302,0801
G7011610020110,茶店,3,0,61010863,2|1,610725,勉县,汉中市,2,2,1,,1,G7011610020,610700,G7011,十天高速(陕西)西略段,5,106.462801,33.191594,2,0,2,4,2,1,1,4,0.09,0,1461945600000,0,80303,0801
G7011610020120,五郎坪,3,0,61010881,2|1,610727,略阳县,汉中市,2,2,1,,1,G7011610020,610700,G7011,十天高速(陕西)西略段,5,106.369448,33.30658,2,0,2,4,2,1,1,4,0.09,0,1380556800000,0,80401,0801
G7011610020130,略阳,3,0,61010882,2|1,610727,略阳县,汉中市,2,2,1,,1,G7011610020,610700,G7011,十天高速(陕西)西略段,5,106.179898,33.366881,1,4,2,7,2,1,1,4,0.09,0,1322668800000,0,80402,0801
G7011610020140,陕西略阳,2,G7011620010010,61010883,2|1,610727,略阳县,汉中市,1,3,1,,1,G7011610020,610700,G7011,十天高速(陕西)西略段,5,106.049821,33.566849,2,13,0,15,2,5,0,7,0.09,0,1385827200000,62,80403,0801
G7011610020150,白水江,3,0,61010884,2|1,610727,略阳县,汉中市,2,1,1,,1,G7011610020,610700,G7011,十天高速(陕西)西略段,5,106.051147,33.582547,2,0,2,4,2,0,2,4,0.09,0,1577808000000,0,80404,0801
S0001610010010,汉城,3,0,61014921,2|1,610112,未央区,西安市,2,2,1,,1,S0001610010,610100,S0001,新机场高速机场专线段,23,108.91986,34.364979,10,0,8,18,9,0,6,15,0.09,610100,1246377600000,0,730101,2401
S0001610010020,北环路,3,0,61014922,2|1,610112,未央区,西安市,2,2,1,,1,S0001610010,610100,S0001,新机场高速机场专线段,23,108.914517,34.39147,1,0,2,3,1,0,3,4,0.09,0,1246377600000,0,730102,2401
S0001610010030,马家堡,3,0,61014923,2|1,610404,渭城区,咸阳市,2,2,1,,1,S0001610010,610400,S0001,新机场高速机场专线段,23,108.896899,34.446006,1,0,3,4,1,0,3,4,0.09,0,1246377600000,0,730103,2401
S0001610010040,机场,3,0,61014924,2|1,610404,渭城区,咸阳市,2,2,1,,1,S0001610010,610400,S0001,新机场高速机场专线段,23,108.81343,34.446251,11,0,7,18,11,1,4,16,0.09,0,1246377600000,0,730104,2401
S0001610010050,秦汉,3,0,61014925,2|1,610404,渭城区,咸阳市,2,2,1,,1,S0001610010,610400,S0001,新机场高速机场专线段,23,108.914363,34.409784,6,0,3,9,4,0,1,5,0.09,0,1545840000000,0,730105,2401
S0014610010010,折家坪,3,0,61012141,2|1,610830,清涧县,榆林市,2,2,1,,1,S0014610010,610800,S0014,清安线(路段),48,110.02167,37.159272,1,0,2,3,1,0,2,3,0.09,0,1598889600000,0,330201,6501
S0014610010020,子长东,3,0,61012142,2|1,610623,子长县,延安市,2,2,1,,1,S0014610010,610600,S0014,清安线(路段),48,109.766973,37.15539,1,0,2,3,1,0,2,3,0.09,0,1579449600000,0,330202,6501
S0015610010010,锦界北,3,0,61011C21,2,610881,神木市,榆林市,2,2,1,,1,S0015610010,610800,S0015,神佳米高速(路段),38,110.131445,38.747171,1,2,2,5,1,1,2,4,0.09,0,1446307200000,0,280101,5401
S0015610010020,高家堡,3,0,61011C22,2,610802,榆阳区,榆林市,2,2,1,,1,S0015610010,610800,S0015,神佳米高速(路段),38,110.302434,38.523934,1,1,2,4,1,0,2,3,0.09,0,1446307200000,0,280102,5401
S0015610010030,安崖,3,0,61011C23,2,610802,榆阳区,榆林市,2,2,1,,1,S0015610010,610800,S0015,神佳米高速(路段),38,110.308554,38.375965,1,2,1,4,1,1,1,3,0.09,0,1446307200000,0,280103,5401
S0021610010010,定边南,3,0,61011624,2|1,610825,定边县,榆林市,2,2,1,,1,S0021610010,610800,S0021,吴定高速(路段),43,107.70402,37.516004,2,2,3,7,1,1,2,4,0.09,0,1537632000000,0,220104,6101
S0021610010020,杨井,3,0,61011623,2|1,610825,定边县,榆林市,2,2,1,,1,S0021610010,610800,S0021,吴定高速(路段),43,107.912671,37.329354,1,2,2,5,1,1,1,3,0.09,0,1537632000000,0,220103,6101
S0021610010030,新安边,3,0,61011622,2|1,610825,定边县,榆林市,2,2,1,,1,S0021610010,610800,S0021,吴定高速(路段),43,108.047721,37.160406,1,2,2,5,1,1,1,3,0.09,0,1537632000000,0,220102,6101
S0021610010040,吴起北,3,0,61011621,2|1,610626,吴起县,延安市,2,2,1,,1,S0021610010,610600,S0021,吴定高速(路段),43,108.192355,37.026825,2,2,3,7,1,1,2,4,0.09,0,1537632000000,0,220101,6101
S0027610010010,午子山,3,0,61012721,3,610724,西乡县,汉中市,2,2,1,,1,S0027610010,610700,S0027,洋镇线(陕西)西镇段,50,107.827469,32.959349,1,0,2,3,1,0,2,3,0.09,0,1606492800000,0,390101,7001
S0027610010020,罗镇,3,0,61012722,3,610724,西乡县,汉中市,2,2,1,,1,S0027610010,610700,S0027,洋镇线(陕西)西镇段,50,107.82854,32.882136,1,0,2,3,1,0,2,3,0.09,0,1606492800000,0,390102,7001
S0027610010030,杨家河,3,0,61012723,3,610728,镇巴县,汉中市,2,2,1,,1,S0027610010,610700,S0027,洋镇线(陕西)西镇段,50,107.850536,32.708193,1,0,1,2,1,0,3,4,0.09,0,1606492800000,0,390103,7001
560105,靖边立交,9,,,,,,,9,2,1,,1,G0020610030,,G0020,青银高速(陕西段),15,,,,,,,,,,,0.09,,,,,
9900001,田王互通,9,,,,,,,9,2,1,,1,G3001610010,,G3001,绕城高速,7,,,,,,,,,,,0.09,,,,,
9900002,香王立交,9,,,,,,,9,2,1,,1,G3001610010,,G3001,绕城高速,7,,,,,,,,,,,0.09,,,,,
9900003,曳湖互通,9,,,,,,,9,2,1,,1,G0040610020,,G0040,沪陕高速(陕西段),30,,,,,,,,,,,0.09,,,,,
9900004,席家河立交,9,,,,,,,9,2,1,,1,G0070610030,,G0070,福银高速(陕西段),20,,,,,,,,,,,0.09,,,,,
9900005,洛南互通,9,,,,,,,9,2,1,,1,G0040610020,,G0040,沪陕高速(陕西段),30,,,,,,,,,,,0.09,,,,,
9900006,商漫互通,9,,,,,,,9,2,1,,1,G0070610020,,G0070,福银高速(陕西段),21,,,,,,,,,,,0.09,,,,,
9900007,商州互通,9,,,,,,,9,2,1,,1,G0040610020,,G0040,沪陕高速(陕西段),30,,,,,,,,,,,0.09,,,,,
9900010,阿房宫立交,9,,,,,,,9,2,1,,1,G3001610010,,G3001,绕城高速,7,,,,,,,,,,,0.09,,,,,
9900011,西吴立交,9,,,,,,,9,2,1,,1,G0030610030,,G0030,连霍高速(陕西段),3,,,,,,,,,,,0.09,,,,,
9900014,三星互通,9,,,,,,,9,2,1,,1,G0005610030,,G0005,京昆高速(陕西段),10,,,,,,,,,,,0.09,,,,,
9900015,石门立交,9,,,,,,,9,2,1,,1,G0085610030,,G0085,银昆高速(陕西段),44,,,,,,,,,,,0.09,,,,,
9900016,梁山立交,9,,,,,,,9,2,1,,1,G0085610020,,G0085,银昆高速(陕西段),44,,,,,,,,,,,0.09,,,,,
9900601,小纪汗互通,9,,,,,,,9,2,1,,1,G0065610010,,G0065,包茂高速(陕西段),14,,,,,,,,,,,0.09,,,,,
9900602,牛家梁立交,9,,,,,,,9,2,1,,1,G1812610030,,G1812,沧榆高速(陕西段),16,,,,,,,,,,,0.09,,,,,
9900603,史家湾立交,9,,,,,,,9,2,1,,1,G0020610010,,G0020,青银高速(陕西段),25,,,,,,,,,,,0.09,,,,,
9900604,青云互通,9,,,,,,,9,2,1,,1,S0032610010,,S0032,榆佳高速,32,,,,,,,,,,,0.09,,,,,
9900605,沿河湾立交,9,,,,,,,9,2,1,,1,G2211610020,,G2211,长延高速(陕西段),33,,,,,,,,,,,0.09,,,,,
9900606,半截沟互通,9,,,,,,,9,2,1,,1,G065W610020,,G065W,延西高速,28,,,,,,,,,,,0.09,,,,,
9900607,半截沟互通2,9,,,,,,,9,2,1,,1,G0065610070,,G0065,包茂高速(陕西段),12,,,,,,,,,,,0.09,,,,,
9900608,界桩立交,9,,,,,,,9,2,1,,1,G065W610040,,G065W,延西高速,40,,,,,,,,,,,0.09,,,,,
9900609,杜村立交,9,,,,,,,9,2,1,,1,G0065610070,,G0065,包茂高速(陕西段),12,,,,,,,,,,,0.09,,,,,
9900610,渭玉立交,9,,,,,,,9,2,1,,1,G065E610030,,G065E,榆蓝高速(陕西段),4,,,,,,,,,,,0.09,,,,,
9900611,马家沟立交,9,,,,,,,9,2,1,,1,G2211610010,,G2211,长延高速(陕西段),36,,,,,,,,,,,0.09,,,,,
9900612,龙头河立交,9,,,,,,,9,2,1,,1,G065W610010,,G065W,延西高速,40,,,,,,,,,,,0.09,,,,,
9900613,土桥立交,9,,,,,,,9,2,1,,1,G3511610010,,G3511,荷宝高速(陕西段),41,,,,,,,,,,,0.09,,,,,
9900614,关庄立交,9,,,,,,,9,2,1,,1,G3511610010,,G3511,荷宝高速(陕西段),41,,,,,,,,,,,0.09,,,,,
9900615,户县东立交,9,,,,,,,9,2,1,,1,G030N610010,,G030N,西咸北环线,39,,,,,,,,,,,0.09,,,,,
9900616,沣渭立交,9,,,,,,,9,2,1,,1,G030N610010,,G030N,西咸北环线,39,,,,,,,,,,,0.09,,,,,
9900617,马庄西枢纽,9,,,,,,,9,2,1,,1,G030N610010,,G030N,西咸北环线,39,,,,,,,,,,,0.09,,,,,
9900618,马庄北枢纽,9,,,,,,,9,2,1,,1,G030N610010,,G030N,西咸北环线,39,,,,,,,,,,,0.09,,,,,
9900619,永乐西立交,9,,,,,,,9,2,1,,1,G030N610010,,G030N,西咸北环线,39,,,,,,,,,,,0.09,,,,,
9900620,高陵北立交,9,,,,,,,9,2,1,,1,G030N610010,,G030N,西咸北环线,39,,,,,,,,,,,0.09,,,,,
9900621,新丰立交,9,,,,,,,9,2,1,,1,G030N610010,,G030N,西咸北环线,39,,,,,,,,,,,0.09,,,,,
9900622,锦界立交,9,,,,,,,9,2,1,,1,S0015610010,,S0015,神佳米高速,38,,,,,,,,,,,0.09,,,,,
9900623,王家砭立交,9,,,,,,,9,2,1,,1,S0015610010,,S0015,神佳米高速,38,,,,,,,,,,,0.09,,,,,
9990003,谢王立交,9,,,,,,,9,2,1,,1,G3001610010,,G3001,绕城高速,7,,,,,,,,,,,0.09,,,,,
9990004,六村堡互通,9,,,,,,,9,2,1,,1,G3001610010,,G3001,绕城高速,7,,,,,,,,,,,0.09,,,,,
9990005,帽耳刘立交,9,,,,,,,9,2,1,,1,G3001610010,,G3001,绕城高速,7,,,,,,,,,,,0.09,,,,,
9990006,兰家互通,9,,,,,,,9,2,1,,1,G0030610030,,G0030,连霍高速(陕西段),3,,,,,,,,,,,0.09,,,,,
9990008,西户互通,9,,,,,,,9,2,1,,1,G3001610010,,G3001,绕城高速,7,,,,,,,,,,,0.09,,,,,
9990100,马渭互通,9,,,,,,,9,2,1,,1,G0070610050,,G0070,福银高速(陕西段),24,,,,,,,,,,,0.09,,,,,
9990103,兵马俑互通,9,,,,,,,9,2,1,,1,G0030610010,,G0030,连霍高速(陕西段),2,,,,,,,,,,,0.09,,,,,
9990104,方家村立交,9,,,,,,,9,2,1,,1,G3001610010,,G3001,绕城高速,7,,,,,,,,,,,0.09,,,,,
9990105,曲江立交,9,,,,,,,9,2,1,,1,G3001610010,,G3001,绕城高速,7,,,,,,,,,,,0.09,,,,,
9990107,吕小寨立交,9,,,,,,,9,2,1,,1,G3001610010,,G3001,绕城高速,7,,,,,,,,,,,0.09,,,,,
9990113,五里互通,9,,,,,,,9,2,1,,1,G7011610010,,G7011,十天高速(陕西段),18,,,,,,,,,,,0.09,,,,,
9990114,安康互通,9,,,,,,,9,2,1,,1,G7011610010,,G7011,十天高速(陕西段),18,,,,,,,,,,,0.09,,,,,
9990115,汉城立交,9,,,,,,,9,2,1,,1,G3001610010,,G3001,绕城高速,7,,,,,,,,,,,0.09,,,,,
9990204,东杨立交,9,,,,,,,9,2,1,,1,G0005610010,,G0005,京昆高速(陕西段),8,,,,,,,,,,,0.09,,,,,
9990205,卤阳湖立交,9,,,,,,,9,2,1,,1,G065E610020,,G065E,榆蓝高速(陕西段),4,,,,,,,,,,,0.09,,,,,
9990208,赤水立交,9,,,,,,,9,2,1,,1,G0030610010,,G0030,连霍高速(陕西段),2,,,,,,,,,,,0.09,,,,,
9990212,谢家营立交,9,,,,,,,9,2,1,,1,G7011610020,,G7011,十天高速(陕西段),5,,,,,,,,,,,0.09,,,,,
9990213,恒口立交,9,,,,,,,9,2,1,,1,G7011610010,,G7011,十天高速(陕西段),18,,,,,,,,,,,0.09,,,,,
9990216,千河立交,9,,,,,,,9,2,1,,1,G0030610060,,G0030,连霍高速(陕西段),46,,,,,,,,,,,0.09,,,,,
9990218,虢镇东立交,9,,,,,,,9,2,1,,1,G0030610060,,G0030,连霍高速(陕西段),46,,,,,,,,,,,0.09,,,,,
9990701,南蟠龙立交,9,,,,,,,9,2,1,,1,G0065610060,,G0065,包茂高速(陕西段),12,,,,,,,,,,,0.09,,,,,
9990704,厢西堡立交,9,,,,,,,9,2,1,,1,G0022610010,,G0022,青兰高速(陕西段),26,,,,,,,,,,,0.09,,,,,
9990705,神木互通,9,,,,,,,9,2,1,,1,G1812610030,,G1812,沧榆高速(陕西段),16,,,,,,,,,,,0.09,,,,,
9990708,府谷互通,9,,,,,,,9,2,1,,1,G1812610010,,G1812,沧榆高速(陕西段),29,,,,,,,,,,,0.09,,,,,
9990713,马庄互通,9,,,,,,,9,2,1,,1,G0070610050,,G0070,福银高速(陕西段),24,,,,,,,,,,,0.09,,,,,
9990721,潘家湾立交,9,,,,,,,9,2,1,,1,G0030610060,,G0030,连霍高速(陕西段),46,,,,,,,,,,,0.09,,,,,
9990724,黄洋河互通,9,,,,,,,9,2,1,,1,G4213610010,,G4213,麻安高速(陕西段),37,,,,,,,,,,,0.09,,,,,
9990725,石井子互通,9,,,,,,,9,2,1,,1,G0020610030,,G0020,青银高速(陕西段),15,,,,,,,,,,,0.09,,,,,
9990726,柞水互通,9,,,,,,,9,2,1,,1,S0030610010,,S0030,丹(凤)宁(陕)高速,45,,,,,,,,,,,0.09,,,,,
9990727,山阳互通,9,,,,,,,9,2,1,,1,S0030610010,,S0030,丹(凤)宁(陕)高速,45,,,,,,,,,,,0.09,,,,,
9990729,赤道枢纽,9,,,,,,,9,2,1,,1,G0069610010,,G0069,银百高速(陕西段),34,,,,,,,,,,,0.09,,,,,
9990730,古城枢纽立交,9,,,,,,,9,2,1,,1,G7011610020,,G7011,十天高速(陕西段),5,,,,,,,,,,,0.09,,,,,
9990731,好坪沟枢纽立交,9,,,,,,,9,2,1,,1,S0014610010,,S0014,清安线,48,,,,,,,,,,,0.09,,,,,
9990732,合阳东枢纽,9,,,,,,,9,2,1,,1,G0005610010,,G0005,京昆高速(陕西段),8,,,,,,,,,,,0.09,,,,,
9990733,黄家屯枢纽立交,9,,,,,,,9,2,1,,1,G2211610010,,G2211,长延高速(陕西段),36,,,,,,,,,,,0.09,,,,,
9990734,雷牙枢纽,9,,,,,,,9,2,1,,1,G065E610050,,G065E,榆蓝高速(陕西段),51,,,,,,,,,,,0.09,,,,,
9990735,柳林枢纽,9,,,,,,,9,2,1,,1,G0085610010,,G0085,银昆高速(陕西段),27,,,,,,,,,,,0.09,,,,,
9990736,龙古枢纽立交,9,,,,,,,9,2,1,,1,G4213610010,,G4213,麻安高速(陕西段),37,,,,,,,,,,,0.09,,,,,
9990738,清涧北立交,9,,,,,,,9,2,1,,1,G065E610040,,G065E,榆蓝高速(陕西段),48,,,,,,,,,,,0.09,,,,,
9990739,史官南枢纽,9,,,,,,,9,2,1,,1,G065E610050,,G065E,榆蓝高速(陕西段),51,,,,,,,,,,,0.09,,,,,
9990740,太峪西枢纽,9,,,,,,,9,2,1,,1,G0070610060,,G0070,福银高速(陕西段),24,,,,,,,,,,,0.09,,,,,
9990741,田坝枢纽,9,,,,,,,9,2,1,,1,G0085610040,,G0085,银昆高速(陕西段),47,,,,,,,,,,,0.09,,,,,
9990742,铁龙湾枢纽立交,9,,,,,,,9,2,1,,1,G0022610010,,G0022,青兰高速(陕西段),26,,,,,,,,,,,0.09,,,,,
9990745,下河枢纽,9,,,,,,,9,2,1,,1,G0070610060,,G0070,福银高速(陕西段),24,,,,,,,,,,,0.09,,,,,
9990746,延川西立交,9,,,,,,,9,2,1,,1,G2211610010,,G2211,长延高速(陕西段),36,,,,,,,,,,,0.09,,,,,
9990747,演池枢纽,9,,,,,,,9,2,1,,1,G065W610020,,G065W,延西高速,28,,,,,,,,,,,0.09,,,,,
9990748,阳湾枢纽立交,9,,,,,,,9,2,1,,1,G0022610010,,G0022,青兰高速(陕西段),26,,,,,,,,,,,0.09,,,,,
9990749,忠诚枢纽,9,,,,,,,9,2,1,,1,G7011610010,,G7011,十天高速(陕西段),18,,,,,,,,,,,0.09,,,,,
9990750,岳口立交,9,,,,,,,9,2,1,,1,G2211610010,,G2211,长延高速(陕西段),36,,,,,,,,,,,0.09,,,,,
